PDB ID,Metal,Metabolism,SourceSet,EnzymeFamily,SourceSetDetail,A,C,D,E,F,G,H,I,K,L,M,N,P,Q,R,S,T,V,W,Y,nearby_residue_count,cys_fraction,Average Hydropathy,Hydropathy SD,csac_center_count
1APX,FE,ROS Detox,FeBinding_primary108,,FeBinding_primary108,0.12121212121212122,0.0,0.030303030303030304,0.0,0.06060606060606061,0.12121212121212122,0.09090909090909091,0.030303030303030304,0.0,0.24242424242424243,0.0,0.0,0.06060606060606061,0.0,0.030303030303030304,0.09090909090909091,0.030303030303030304,0.0,0.06060606060606061,0.030303030303030304,33.0,0.0,0.5787878787878787,2.6288328526412257,4
1B4U,FE,Aromatic Dioxygenation,FeBinding_primary108,,FeBinding_primary108,0.0,0.0,0.0,0.14285714285714285,0.0,0.0,0.5714285714285714,0.0,0.0,0.0,0.0,0.14285714285714285,0.0,0.0,0.0,0.0,0.0,0.0,0.0,0.14285714285714285,7.0,0.0,-3.0142857142857142,0.7119963311072636,2
1CC1,FE,Anaerobic Hydrogen Metabolism,Legacy_FE_NI_shared_families,NiFe_hydrogenases,FE+NI_overlap,0.06666666666666667,0.6166666666666667,0.0,0.05,0.0,0.0,0.10833333333333332,0.025,0.025,0.025,0.0,0.0,0.0,0.025,0.03333333333333333,0.0,0.0,0.025,0.0,0.0,5.2,0.6166666666666667,1.1175000000000002,1.8130505770171237,5
1CC1,NI,Anaerobic Hydrogen Metabolism,Legacy_FE_NI_shared_families,NiFe_hydrogenases,FE+NI_overlap,0.0,0.5,0.0,0.0,0.0,0.0,0.16666666666666666,0.0,0.0,0.0,0.0,0.0,0.0,0.0,0.16666666666666666,0.0,0.0,0.16666666666666666,0.0,0.0,6.0,0.5,0.6666666666666666,3.271425105702746,1
1CNO,FE,Nitrification,FeBinding_primary108,,FeBinding_primary108,0.15590557795698926,0.06402889784946236,0.0,0.0,0.0,0.06402889784946236,0.03201444892473118,0.03201444892473118,0.0,0.12805779569892473,0.03201444892473118,0.03201444892473118,0.06402889784946236,0.09994959677419354,0.06402889784946236,0.03201444892473118,0.0,0.06402889784946236,0.0,0.13587029569892473,31.25,0.06402889784946236,0.2183845766129032,2.874597584150636,8
1DMH,FE,Aromatic Dioxygenation,FeBinding_primary108,,FeBinding_primary108,0.0,0.0,0.0,0.0,0.0,0.0,0.45,0.0,0.0,0.1,0.0,0.0,0.0,0.0,0.225,0.0,0.0,0.0,0.0,0.225,4.5,0.0,-2.365,2.0326205625686073,2
1E3D,FE,Anaerobic Hydrogen Metabolism,Legacy_FE_NI_shared_families,NiFe_hydrogenases,FE+NI_overlap,0.0,0.43727106227106227,0.0,0.033482142857142856,0.0,0.049107142857142856,0.05574633699633699,0.0,0.03869047619047619,0.04532967032967033,0.0,0.03869047619047619,0.12791895604395603,0.017857142857142856,0.05574633699633699,0.02003205128205128,0.04006410256410256,0.04006410256410256,0.0,0.0,8.375,0.43727106227106227,0.2700721153846154,2.7309258037238817,8
1E3D,NI,Anaerobic Hydrogen Metabolism,Legacy_FE_NI_shared_families,NiFe_hydrogenases,FE+NI_overlap,0.0,0.3205128205128205,0.0,0.0,0.0,0.0,0.08012820512820512,0.0,0.0,0.038461538461538464,0.0,0.0,0.08012820512820512,0.0,0.08012820512820512,0.08012820512820512,0.16025641025641024,0.16025641025641024,0.0,0.0,12.5,0.3205128205128205,0.6990384615384616,2.7675477623403117,2
1E6V,NI,Anaerobic Methane,Ni_primary_expanded,Methyl-coenzyme M reductase,Ni_primary_expanded,0.07692307692307693,0.0,0.0,0.02564102564102564,0.10256410256410256,0.15384615384615385,0.05128205128205128,0.05128205128205128,0.0,0.02564102564102564,0.05128205128205128,0.0,0.0,0.07692307692307693,0.02564102564102564,0.07692307692307693,0.05128205128205128,0.15384615384615385,0.0,0.07692307692307693,39.0,0.0,0.6000000000000001,2.744224704860961,2
1E6Y,NI,Anaerobic Methane,Ni_primary_expanded,Methyl-coenzyme M reductase,Ni_primary_expanded,0.07317073170731707,0.0,0.0,0.024390243902439025,0.12195121951219512,0.14634146341463414,0.04878048780487805,0.04878048780487805,0.0,0.024390243902439025,0.07317073170731707,0.0,0.0,0.0975609756097561,0.024390243902439025,0.07317073170731707,0.04878048780487805,0.14634146341463414,0.0,0.04878048780487805,41.0,0.0,0.6317073170731706,2.764711339793991,2
1E9Y,NI,Nitrogen Metabolism,Ni_primary_expanded,Urease,Ni_primary_expanded,0.20535714285714285,0.0,0.13392857142857142,0.0,0.0,0.0625,0.5267857142857143,0.0,0.0,0.0,0.0,0.0,0.0,0.0,0.0,0.0,0.07142857142857142,0.0,0.0,0.0,7.5,0.0,-1.8598214285714287,2.018896430408139,2
1E9Z,NI,Nitrogen Metabolism,Ni_primary_expanded,Urease,Ni_primary_expanded,0.1736111111111111,0.0,0.11805555555555555,0.0,0.0,0.0625,0.5902777777777778,0.0,0.0,0.0,0.0,0.0,0.0,0.0,0.0,0.0,0.05555555555555555,0.0,0.0,0.0,8.5,0.0,-2.0534722222222226,1.9511143738655274,2
1EB7,FE,ROS Detox,FeBinding_primary108,,FeBinding_primary108,0.11189024390243901,0.04939024390243903,0.024695121951219513,0.012195121951219513,0.09908536585365854,0.11128048780487805,0.061585365853658536,0.03689024390243903,0.0,0.075,0.024695121951219513,0.07378048780487806,0.03689024390243903,0.036585365853658534,0.03689024390243903,0.06128048780487805,0.024390243902439025,0.07408536585365853,0.03689024390243903,0.0125,40.5,0.04939024390243903,0.3138414634146342,2.6994845493969084,2
1EIQ,FE,Aromatic Dioxygenation,FeBinding_primary108,,FeBinding_primary108,0.0,0.0,0.0,0.125,0.0,0.0,0.5,0.0,0.0,0.0,0.125,0.0,0.0,0.0,0.0,0.0,0.0,0.125,0.0,0.125,8.0,0.0,-1.4375,2.7298981208096396,1
1EJW,NI,Nitrogen Metabolism,Ni_primary_expanded,Urease,Ni_primary_expanded,0.14285714285714285,0.0,0.13392857142857142,0.0,0.0,0.125,0.5267857142857143,0.0,0.0,0.0,0.0,0.0,0.0,0.0,0.0,0.0,0.07142857142857142,0.0,0.0,0.0,7.5,0.0,-1.9973214285714285,1.7382047946262977,2
1F9Z,NI,Detox / Carbon Stress,Ni_primary_expanded,Glyoxalase I (Ni-dependent lineages),Ni_primary_expanded,0.16666666666666666,0.0,0.0,0.3333333333333333,0.0,0.0,0.3333333333333333,0.0,0.0,0.0,0.16666666666666666,0.0,0.0,0.0,0.0,0.0,0.0,0.0,0.0,0.0,6.0,0.0,-1.6166666666666665,2.454530957682592,2
1FDO,FE,Anaerobic Acetogenesis,FeBinding_primary108,,FeBinding_primary108,0.0,1.0,0.0,0.0,0.0,0.0,0.0,0.0,0.0,0.0,0.0,0.0,0.0,0.0,0.0,0.0,0.0,0.0,0.0,0.0,4.0,1.0,2.5,0.0,1
1FDX,FE,Anaerobic Acetogenesis,FeBinding_primary108,,FeBinding_primary108,0.0,1.0,0.0,0.0,0.0,0.0,0.0,0.0,0.0,0.0,0.0,0.0,0.0,0.0,0.0,0.0,0.0,0.0,0.0,0.0,4.0,1.0,2.5,0.0,2
1FFV,FE,Anaerobic Acetogenesis,Legacy_FE_NI_shared_families,CODH,Legacy_FE_NI_shared_families,0.0,1.0,0.0,0.0,0.0,0.0,0.0,0.0,0.0,0.0,0.0,0.0,0.0,0.0,0.0,0.0,0.0,0.0,0.0,0.0,4.0,1.0,2.5,0.0,4
1FRV,FE,Anaerobic Hydrogen Metabolism,Legacy_FE_NI_shared_families,NiFe_hydrogenases,FE+NI_overlap,0.0,0.8958333333333334,0.0,0.0,0.0,0.0,0.0625,0.0,0.0,0.0,0.0,0.0,0.0,0.0,0.0,0.0,0.0,0.041666666666666664,0.0,0.0,3.375,0.8958333333333334,2.2145833333333336,0.7172165608645068,8
1FRV,NI,Anaerobic Hydrogen Metabolism,Legacy_FE_NI_shared_families,NiFe_hydrogenases,FE+NI_overlap,0.0,0.6190476190476191,0.0,0.07142857142857142,0.0,0.0,0.0,0.0,0.0,0.0,0.0,0.0,0.0,0.0,0.15476190476190477,0.0,0.0,0.15476190476190477,0.0,0.0,6.5,0.6190476190476191,1.251190476190476,2.9796675782279554,2
1FS7,FE,Anaerobic Respiration,FeBinding_primary108,,FeBinding_primary108,0.06271165492522555,0.12029786182177729,0.04840769579368022,0.0064516129032258064,0.04505953116631648,0.06093437152391547,0.13313517076587153,0.03430395913154534,0.06055534956536068,0.030755572034771146,0.030244716351501666,0.03816297944217855,0.028097062579821197,0.020755572034771144,0.03720718493799695,0.043592880978865406,0.03601532567049808,0.07479339183454867,0.027207184937996953,0.06131092160013183,27.2,0.12029786182177729,-0.27882948131668933,2.872006810292783,5
1FT5,FE,Nitrification,FeBinding_primary108,,FeBinding_primary108,0.09416873449131513,0.11610421836228288,0.02794871794871795,0.024731182795698924,0.07267990074441688,0.0624110835401158,0.11509098428453267,0.0,0.073424317617866,0.055628618693134825,0.03407775020678246,0.009615384615384616,0.009615384615384616,0.045,0.028064516129032258,0.0724110835401158,0.03535980148883375,0.06202646815550042,0.01639784946236559,0.04524400330851944,28.0,0.11610421836228288,-0.15315922249793215,2.7994587683787704,4
1FT6,FE,Nitrification,FeBinding_primary108,,FeBinding_primary108,0.08702587734845799,0.11673608649415101,0.02815934065934066,0.025921658986175114,0.073311768876285,0.07244771357674584,0.116913328606877,0.0,0.0642059553349876,0.05545462601914215,0.03467298830202056,0.009615384615384616,0.009615384615384616,0.04601648351648352,0.02729528535980149,0.07244771357674584,0.03535980148883375,0.061968273661822046,0.016993087557603686,0.04583924140375753,27.75,0.11673608649415101,-0.14267546969159872,2.7679819015874845,4
1H2R,FE,Anaerobic Hydrogen Metabolism,Legacy_FE_NI_shared_families,NiFe_hydrogenases,FE+NI_overlap,0.025,0.7625,0.0,0.0,0.0,0.0,0.0875,0.0,0.0,0.0,0.0,0.0,0.025,0.0,0.025,0.025,0.025,0.025,0.0,0.0,5.25,0.7625,1.58625,1.2928805436693234,4
1H2R,NI,Anaerobic Hydrogen Metabolism,Legacy_FE_NI_shared_families,NiFe_hydrogenases,FE+NI_overlap,0.1,0.3,0.0,0.0,0.0,0.0,0.1,0.0,0.0,0.0,0.0,0.0,0.1,0.0,0.1,0.1,0.1,0.1,0.0,0.0,10.0,0.3,0.2699999999999999,2.703349773891643,1
1HBM,NI,Anaerobic Methane,Ni_primary_expanded,Methyl-coenzyme M reductase,Ni_primary_expanded,0.05195681511470985,0.0,0.0,0.025978407557354925,0.1039136302294197,0.15587044534412955,0.05195681511470985,0.05195681511470985,0.025978407557354925,0.025978407557354925,0.05195681511470985,0.0,0.0,0.06477732793522267,0.025978407557354925,0.1039136302294197,0.025978407557354925,0.15587044534412955,0.0,0.07793522267206478,38.5,0.0,0.5032726045883941,2.809257846141758,2
1HBN,NI,Anaerobic Methane,Ni_primary_expanded,Methyl-coenzyme M reductase,Ni_primary_expanded,0.05128205128205128,0.0,0.0,0.02564102564102564,0.10256410256410256,0.15384615384615385,0.05128205128205128,0.05128205128205128,0.02564102564102564,0.02564102564102564,0.05128205128205128,0.0,0.0,0.07692307692307693,0.02564102564102564,0.10256410256410256,0.02564102564102564,0.15384615384615385,0.0,0.07692307692307693,39.0,0.0,0.45128205128205123,2.82805285872261,2
1HBO,NI,Anaerobic Methane,Ni_primary_expanded,Methyl-coenzyme M reductase,Ni_primary_expanded,0.05195681511470985,0.0,0.0,0.025978407557354925,0.1039136302294197,0.15587044534412955,0.05195681511470985,0.05195681511470985,0.025978407557354925,0.025978407557354925,0.05195681511470985,0.0,0.0,0.06477732793522267,0.025978407557354925,0.1039136302294197,0.025978407557354925,0.15587044534412955,0.0,0.07793522267206478,38.5,0.0,0.503272604588394,2.809257846141758,2
1HBU,NI,Anaerobic Methane,Ni_primary_expanded,Methyl-coenzyme M reductase,Ni_primary_expanded,0.05195681511470985,0.0,0.0,0.025978407557354925,0.1039136302294197,0.15587044534412955,0.05195681511470985,0.05195681511470985,0.025978407557354925,0.025978407557354925,0.05195681511470985,0.0,0.0,0.06477732793522267,0.025978407557354925,0.1039136302294197,0.025978407557354925,0.15587044534412955,0.0,0.07793522267206478,38.5,0.0,0.503272604588394,2.8092578461417586,2
1HFE,FE,Anaerobic Hydrogen Metabolism,FeBinding_primary108,,FeBinding_primary108,0.05,0.7033333333333334,0.0,0.0,0.03666666666666667,0.0,0.0,0.0,0.08666666666666667,0.0,0.0,0.0,0.12333333333333334,0.0,0.0,0.0,0.0,0.0,0.0,0.0,4.3,0.7033333333333334,1.4156666666666666,1.0386351806876146,10
1IPH,FE,ROS Detox,FeBinding_primary108,,FeBinding_primary108,0.0625,0.0,0.03125,0.0,0.15625,0.09375,0.09375,0.03125,0.0,0.0625,0.0,0.03125,0.03125,0.03125,0.09375,0.0625,0.0625,0.125,0.0,0.03125,32.0,0.0,0.18124999999999994,3.0594563957507224,4
1IQC,FE,ROS Detox,FeBinding_primary108,,FeBinding_primary108,0.06626989634049968,0.05305899609493961,0.013246799431009957,0.04964471853111134,0.06634169471139946,0.09290709194431916,0.039812196663929655,0.06630579552594956,0.029854870917130225,0.05614367576819438,0.039812196663929655,0.06928277764285466,0.039776297478479765,0.07267994888341486,0.016295579918814834,0.05298719772403983,0.05305899609493961,0.0796602925133092,0.026529498047469804,0.016331479104264725,37.75,0.05305899609493961,0.1000320683327744,2.90790678264493,8
1IYN,FE,ROS Detox,FeBinding_primary108,,FeBinding_primary108,0.11764705882352941,0.0,0.058823529411764705,0.0,0.029411764705882353,0.058823529411764705,0.058823529411764705,0.029411764705882353,0.0,0.20588235294117646,0.0,0.0,0.058823529411764705,0.0,0.08823529411764706,0.08823529411764706,0.058823529411764705,0.029411764705882353,0.08823529411764706,0.029411764705882353,34.0,0.0,0.1941176470588234,2.8526500761129827,1
1JQ4,FE,Unknown,FeBinding_primary108,,FeBinding_primary108,0.0,0.8,0.0,0.0,0.0,0.0,0.0,0.0,0.0,0.0,0.0,0.0,0.0,0.0,0.0,0.2,0.0,0.0,0.0,0.0,5.0,0.8,1.84,1.32,1
1JQK,FE,Anaerobic Acetogenesis,Legacy_FE_NI_shared_families,CODH,FE+NI_overlap,0.0,0.8857142857142858,0.0,0.0,0.0,0.0,0.05714285714285715,0.0,0.05714285714285715,0.0,0.0,0.0,0.0,0.0,0.0,0.0,0.0,0.0,0.0,0.0,4.285714285714286,0.8857142857142858,1.8085714285714287,0.8491820794633108,21
1JQK,NI,Anaerobic Acetogenesis,Legacy_FE_NI_shared_families,CODH,FE+NI_overlap,0.0,1.0,0.0,0.0,0.0,0.0,0.0,0.0,0.0,0.0,0.0,0.0,0.0,0.0,0.0,0.0,0.0,0.0,0.0,0.0,4.0,1.0,2.5,0.0,6
1KRB,NI,Nitrogen Metabolism,Ni_primary_expanded,Urease,Ni_primary_expanded,0.21428571428571427,0.0,0.14285714285714285,0.0,0.0,0.07142857142857142,0.5,0.0,0.0,0.0,0.0,0.0,0.0,0.0,0.0,0.0,0.07142857142857142,0.0,0.0,0.0,7.0,0.0,-1.7928571428571431,2.0621766835224737,2
1KRH,FE,Aromatic Dioxygenation,FeBinding_primary108,,FeBinding_primary108,0.0,1.0,0.0,0.0,0.0,0.0,0.0,0.0,0.0,0.0,0.0,0.0,0.0,0.0,0.0,0.0,0.0,0.0,0.0,0.0,4.0,1.0,2.5,0.0,2
1M1Q,FE,Anaerobic Metal Reduction,FeBinding_primary108,,FeBinding_primary108,0.07777777777777778,0.14027777777777778,0.06851851851851852,0.031018518518518518,0.031018518518518518,0.04027777777777777,0.16203703703703703,0.0,0.046759259259259264,0.07175925925925926,0.025,0.0125,0.03425925925925926,0.037500000000000006,0.0125,0.10277777777777777,0.02175925925925926,0.08425925925925926,0.0,0.0,21.75,0.14027777777777778,-0.1972685185185186,2.879197009482893,4
1M56,FE,Unknown,FeBinding_primary108,,FeBinding_primary108,0.07381484005571597,0.0,0.01539975609318675,0.011878318265179579,0.1086014846963752,0.08214468615928469,0.05373487289545684,0.08471665095752687,0.004524979524979525,0.10322819501651619,0.07211821974595697,0.011030008110300082,0.02007996716025913,0.0172516079450386,0.02007996716025913,0.03703889689291149,0.05288656274057734,0.1394280312163524,0.03648326495041823,0.05555969041370501,123.25,0.0,1.2219474368196996,2.73065012481078,4
1MHY,FE,Unknown,FeBinding_primary108,,FeBinding_primary108,0.0,0.0,0.0625,0.5357142857142857,0.0,0.0,0.26785714285714285,0.0,0.0,0.0,0.0,0.0,0.0,0.07142857142857142,0.0,0.0,0.0,0.0625,0.0,0.0,7.5,0.0,-2.938392857142857,1.3284517686010398,2
1MJG,FE,Anaerobic Acetogenesis,Legacy_FE_NI_shared_families,CODH,FE+NI_overlap,0.0,0.8829365079365079,0.0,0.0,0.0,0.015873015873015872,0.03373015873015873,0.0,0.03373015873015873,0.0,0.0,0.0,0.0,0.0,0.0,0.03373015873015873,0.0,0.0,0.0,0.0,5.285714285714286,0.8829365079365079,1.9345238095238095,0.7284162827022113,14
1MJG,NI,Anaerobic Acetogenesis,Legacy_FE_NI_shared_families,CODH,FE+NI_overlap,0.0,0.48933531746031744,0.0,0.0,0.1294642857142857,0.09250992063492064,0.059027777777777776,0.0,0.059027777777777776,0.06473214285714285,0.0,0.0,0.0,0.0,0.0,0.10590277777777778,0.0,0.0,0.0,0.0,8.125,0.48933531746031744,1.2909970238095236,2.0009147028465026,8
1MRO,NI,Anaerobic Methane,Ni_primary_expanded,Methyl-coenzyme M reductase,Ni_primary_expanded,0.05128205128205128,0.0,0.0,0.02564102564102564,0.10256410256410256,0.15384615384615385,0.05128205128205128,0.05128205128205128,0.02564102564102564,0.02564102564102564,0.05128205128205128,0.0,0.0,0.07692307692307693,0.02564102564102564,0.10256410256410256,0.02564102564102564,0.15384615384615385,0.0,0.07692307692307693,39.0,0.0,0.45128205128205134,2.82805285872261,2
1N5W,FE,Anaerobic Acetogenesis,Legacy_FE_NI_shared_families,CODH,Legacy_FE_NI_shared_families,0.0,1.0,0.0,0.0,0.0,0.0,0.0,0.0,0.0,0.0,0.0,0.0,0.0,0.0,0.0,0.0,0.0,0.0,0.0,0.0,4.0,1.0,2.5,0.0,4
1NDO,FE,Aromatic Dioxygenation,FeBinding_primary108,,FeBinding_primary108,0.0,0.25,0.10000000000000002,0.0,0.0,0.0,0.45,0.0,0.0,0.0,0.0,0.10000000000000002,0.0,0.0,0.0,0.0,0.10000000000000002,0.0,0.0,0.0,4.5,0.25,-1.585,1.959228415567723,6
1NIR,FE,Anaerobic Respiration,FeBinding_primary108,,FeBinding_primary108,0.0917884199134199,0.030776515151515152,0.012202380952380952,0.021340638528138528,0.03660714285714285,0.1257508116883117,0.051995400432900435,0.05518127705627705,0.03354301948051948,0.0859577922077922,0.015388257575757576,0.027590638528138527,0.05836715367965368,0.024404761904761905,0.0917884199134199,0.024404761904761905,0.0781452922077922,0.03660714285714285,0.027590638528138527,0.07056953463203464,36.75,0.030776515151515152,-0.2415171807359307,2.832989436065799,4
1OAO,FE,Anaerobic Acetogenesis,FeBinding_primary108,,FeBinding_primary108,0.0,0.7731481481481481,0.0,0.0,0.0,0.0,0.08002645502645503,0.0,0.06415343915343914,0.0,0.0,0.0,0.0,0.0,0.0,0.048280423280423285,0.0,0.03439153439153439,0.0,0.0,5.333333333333333,0.7731481481481481,1.5324074074074074,1.2752693174828755,9
1OAO,NI,Anaerobic Acetogenesis,FeBinding_primary108,,FeBinding_primary108,0.0,0.49642857142857144,0.0,0.0,0.14285714285714285,0.08571428571428572,0.05357142857142857,0.0,0.05357142857142857,0.08571428571428572,0.0,0.0,0.0,0.0,0.0,0.08214285714285714,0.0,0.0,0.0,0.0,7.2,0.49642857142857144,1.4864285714285714,1.9600566053390405,5
1OS6,FE,Anaerobic Metal Reduction,FeBinding_primary108,,FeBinding_primary108,0.09214285714285714,0.12928571428571428,0.055,0.05047619047619047,0.04607142857142857,0.08904761904761904,0.12488095238095238,0.020833333333333332,0.1930952380952381,0.013333333333333334,0.025238095238095237,0.013333333333333334,0.044642857142857144,0.03273809523809524,0.0,0.0,0.011904761904761904,0.05797619047619048,0.0,0.0,23.0,0.12928571428571428,-0.7445476190476189,2.9691837794638847,3
1Q0D,NI,ROS Detox,Ni_primary_expanded,Ni superoxide dismutase,Ni_primary_expanded,0.0,0.24834656084656084,0.12417328042328042,0.0,0.0,0.11226851851851853,0.12417328042328042,0.0,0.0,0.12417328042328042,0.0,0.0,0.018518518518518517,0.0,0.0,0.12417328042328042,0.0,0.12417328042328042,0.0,0.0,8.083333333333334,0.24834656084656084,0.6084160052910053,2.84402931108871,12
1Q0K,NI,ROS Detox,Ni_primary_expanded,Ni superoxide dismutase,Ni_primary_expanded,0.0,0.2222222222222222,0.1111111111111111,0.0,0.0,0.1111111111111111,0.1111111111111111,0.0,0.0,0.1111111111111111,0.0,0.0,0.1111111111111111,0.0,0.0,0.1111111111111111,0.0,0.1111111111111111,0.0,0.0,9.0,0.2222222222222222,0.3888888888888888,2.7702564840920996,12
1Q0M,NI,ROS Detox,Ni_primary_expanded,Ni superoxide dismutase,Ni_primary_expanded,0.0,0.2222222222222222,0.1111111111111111,0.0,0.0,0.1111111111111111,0.1111111111111111,0.0,0.0,0.1111111111111111,0.0,0.0,0.1111111111111111,0.0,0.0,0.1111111111111111,0.0,0.1111111111111111,0.0,0.0,9.0,0.2222222222222222,0.38888888888888884,2.7702564840920996,6
1Q16,FE,Anaerobic Respiration,FeBinding_primary108,,FeBinding_primary108,0.02537593984962406,0.6251879699248121,0.0,0.0,0.020206766917293232,0.03453947368421052,0.052161654135338346,0.04558270676691729,0.0,0.05239661654135338,0.01950187969924812,0.004464285714285714,0.0,0.0037593984962406013,0.05089285714285714,0.017152255639097745,0.0037593984962406013,0.0037593984962406013,0.04125939849624061,0.0,13.0,0.6251879699248121,1.6302772556390976,1.5602326656101349,7
1QJD,FE,Anaerobic Respiration,FeBinding_primary108,,FeBinding_primary108,0.07385033444816054,0.11895903010033446,0.009615384615384616,0.06370192307692307,0.043682065217391305,0.04079744983277592,0.13200773411371236,0.0,0.0453125,0.08034071906354515,0.028125,0.05947951505016723,0.018682065217391304,0.021739130434782608,0.0,0.08957984949832776,0.05048076923076923,0.07816158026755853,0.0,0.04548494983277592,25.25,0.11895903010033446,-0.11271164297658864,2.8187372601926444,4
1QLA,FE,Anaerobic Sulfur Metabolism,FeBinding_primary108,,FeBinding_primary108,0.035586527293844365,0.52,0.0,0.0,0.04166085946573751,0.03743321718931475,0.0229732868757259,0.018153310104529616,0.009639953542392566,0.14225319396051103,0.04779326364692218,0.0,0.0,0.009639953542392566,0.01148664343786295,0.0229732868757259,0.016306620209059233,0.04112659698025552,0.009639953542392566,0.013333333333333332,16.9,0.52,2.0991811846689896,1.1728608012133879,10
1RU3,FE,Anaerobic Acetogenesis,Ni_primary_expanded,Acetyl-CoA synthase (Ni site),Ni_primary_expanded,0.0,1.0,0.0,0.0,0.0,0.0,0.0,0.0,0.0,0.0,0.0,0.0,0.0,0.0,0.0,0.0,0.0,0.0,0.0,0.0,4.0,1.0,2.5,0.0,1
1RU3,NI,Anaerobic Acetogenesis,Ni_primary_expanded,Acetyl-CoA synthase (Ni site),Ni_primary_expanded,0.0,0.4732142857142857,0.0,0.0,0.19642857142857142,0.13392857142857142,0.0,0.0,0.0,0.13392857142857142,0.0,0.0,0.0,0.0,0.0,0.0625,0.0,0.0,0.0,0.0,7.5,0.4732142857142857,2.1383928571428568,1.3637577865037247,2
1SOX,FE,Sulfur Oxidation,FeBinding_primary108,,FeBinding_primary108,0.05929487179487179,0.0,0.04006410256410256,0.0,0.08012820512820512,0.1201923076923077,0.1201923076923077,0.04006410256410256,0.04006410256410256,0.21955128205128205,0.0,0.0,0.08012820512820512,0.0,0.0,0.0,0.0,0.1201923076923077,0.04006410256410256,0.04006410256410256,25.0,0.0,0.9049679487179486,2.958390362706954,2
1SU6,FE,Anaerobic Acetogenesis,Legacy_FE_NI_shared_families,CODH,FE+NI_overlap,0.0,0.9166666666666666,0.0,0.0,0.0,0.0,0.041666666666666664,0.0,0.041666666666666664,0.0,0.0,0.0,0.0,0.0,0.0,0.0,0.0,0.0,0.0,0.0,4.666666666666667,0.9166666666666666,1.9958333333333333,0.8751884717654314,3
1SU6,NI,Anaerobic Acetogenesis,Legacy_FE_NI_shared_families,CODH,FE+NI_overlap,0.0,0.75,0.0,0.0,0.0,0.0,0.125,0.0,0.125,0.0,0.0,0.0,0.0,0.0,0.0,0.0,0.0,0.0,0.0,0.0,8.0,0.75,0.9875,2.625565415296294,1
1SU7,FE,Anaerobic Acetogenesis,Legacy_FE_NI_shared_families,CODH,FE+NI_overlap,0.0,0.9047619047619048,0.0,0.0,0.0,0.0,0.047619047619047616,0.0,0.047619047619047616,0.0,0.0,0.0,0.0,0.0,0.0,0.0,0.0,0.0,0.0,0.0,4.333333333333333,0.9047619047619048,1.9238095238095239,0.9131689608283936,3
1SU7,NI,Anaerobic Acetogenesis,Legacy_FE_NI_shared_families,CODH,FE+NI_overlap,0.0,0.7142857142857143,0.0,0.0,0.0,0.0,0.14285714285714285,0.0,0.14285714285714285,0.0,0.0,0.0,0.0,0.0,0.0,0.0,0.0,0.0,0.0,0.0,7.0,0.7142857142857143,0.7714285714285715,2.739506882485181,1
1SUF,FE,Anaerobic Acetogenesis,Legacy_FE_NI_shared_families,CODH,FE+NI_overlap,0.0,0.9047619047619048,0.0,0.0,0.0,0.0,0.047619047619047616,0.0,0.047619047619047616,0.0,0.0,0.0,0.0,0.0,0.0,0.0,0.0,0.0,0.0,0.0,4.333333333333333,0.9047619047619048,1.9238095238095239,0.9131689608283935,3
1SUF,NI,Anaerobic Acetogenesis,Legacy_FE_NI_shared_families,CODH,FE+NI_overlap,0.0,0.7142857142857143,0.0,0.0,0.0,0.0,0.14285714285714285,0.0,0.14285714285714285,0.0,0.0,0.0,0.0,0.0,0.0,0.0,0.0,0.0,0.0,0.0,7.0,0.7142857142857143,0.7714285714285715,2.7395068824851805,1
1T0Q,FE,Methane Oxidation,FeBinding_primary108,,FeBinding_primary108,0.0,0.0,0.0,0.6190476190476191,0.0,0.0,0.30952380952380953,0.07142857142857142,0.0,0.0,0.0,0.0,0.0,0.0,0.0,0.0,0.0,0.0,0.0,0.0,6.5,0.0,-2.8357142857142854,1.4544721887726209,2
1T0R,FE,Aromatic Dioxygenation,FeBinding_primary108,,FeBinding_primary108,0.0,0.0,0.0,0.6190476190476191,0.0,0.0,0.30952380952380953,0.07142857142857142,0.0,0.0,0.0,0.0,0.0,0.0,0.0,0.0,0.0,0.0,0.0,0.0,6.5,0.0,-2.8357142857142854,1.4544721887726209,2
1T6U,NI,ROS Detox,Ni_primary_expanded,Ni superoxide dismutase,Ni_primary_expanded,0.0,0.25892857142857145,0.12946428571428573,0.0,0.0,0.12946428571428573,0.12946428571428573,0.0,0.0,0.12946428571428573,0.0,0.0,0.0,0.0,0.0,0.09375,0.0,0.12946428571428573,0.0,0.0,7.75,0.25892857142857145,0.6888392857142858,2.877115226350258,12
1UBR,FE,Anaerobic Hydrogen Metabolism,Legacy_FE_NI_shared_families,NiFe_hydrogenases,FE+NI_overlap,0.025,0.7625,0.0,0.0,0.0,0.0,0.0875,0.0,0.0,0.0,0.0,0.0,0.025,0.0,0.025,0.025,0.025,0.025,0.0,0.0,5.25,0.7625,1.58625,1.2928805436693234,4
1UBR,NI,Anaerobic Hydrogen Metabolism,Legacy_FE_NI_shared_families,NiFe_hydrogenases,FE+NI_overlap,0.1,0.3,0.0,0.0,0.0,0.0,0.1,0.0,0.0,0.0,0.0,0.0,0.1,0.0,0.1,0.1,0.1,0.1,0.0,0.0,10.0,0.3,0.2699999999999999,2.703349773891643,1
1WUJ,FE,Anaerobic Hydrogen Metabolism,Legacy_FE_NI_shared_families,NiFe_hydrogenases,FE+NI_overlap,0.027777777777777776,0.7430555555555556,0.0,0.0,0.0,0.0,0.09027777777777778,0.0,0.0,0.0,0.0,0.0,0.027777777777777776,0.0,0.027777777777777776,0.027777777777777776,0.027777777777777776,0.027777777777777776,0.0,0.0,5.0,0.7430555555555556,1.5243055555555556,1.301977989415188,4
1WUJ,NI,Anaerobic Hydrogen Metabolism,Legacy_FE_NI_shared_families,NiFe_hydrogenases,FE+NI_overlap,0.1111111111111111,0.2222222222222222,0.0,0.0,0.0,0.0,0.1111111111111111,0.0,0.0,0.0,0.0,0.0,0.1111111111111111,0.0,0.1111111111111111,0.1111111111111111,0.1111111111111111,0.1111111111111111,0.0,0.0,9.0,0.2222222222222222,0.0222222222222221,2.739739556875101,1
1WW9,FE,Aromatic Dioxygenation,FeBinding_primary108,,FeBinding_primary108,0.0,0.2,0.07142857142857142,0.0,0.07142857142857142,0.0,0.34285714285714286,0.07142857142857142,0.0,0.0,0.0,0.14285714285714285,0.0,0.0,0.0,0.0,0.0,0.0,0.0,0.1,6.0,0.2,-0.9557142857142858,2.893927336821919,2
1XVB,FE,Unknown,FeBinding_primary108,,FeBinding_primary108,0.0,0.0,0.0,0.5714285714285714,0.0,0.0,0.2857142857142857,0.07142857142857142,0.0,0.0,0.0,0.0,0.0,0.07142857142857142,0.0,0.0,0.0,0.0,0.0,0.0,7.0,0.0,-2.8428571428571425,1.45152460337186,4
1YQW,FE,Anaerobic Hydrogen Metabolism,Legacy_FE_NI_shared_families,NiFe_hydrogenases,FE+NI_overlap,0.03333333333333333,0.6166666666666667,0.0,0.05714285714285714,0.0,0.0,0.07857142857142857,0.0,0.02857142857142857,0.02857142857142857,0.0,0.0,0.03333333333333333,0.02857142857142857,0.03333333333333333,0.0,0.0,0.0619047619047619,0.0,0.0,4.8,0.6166666666666667,1.1040476190476192,1.7642996389088068,15
1YQW,NI,Anaerobic Hydrogen Metabolism,Legacy_FE_NI_shared_families,NiFe_hydrogenases,FE+NI_overlap,0.0,0.6031746031746031,0.0,0.09523809523809523,0.0,0.0,0.0,0.0,0.0,0.0,0.0,0.0,0.0,0.0,0.15079365079365079,0.0,0.0,0.15079365079365079,0.0,0.0,6.666666666666667,0.6031746031746031,1.1293650793650791,3.037888288764672,3
1ZXI,FE,Anaerobic Acetogenesis,Legacy_FE_NI_shared_families,CODH,Legacy_FE_NI_shared_families,0.0,1.0,0.0,0.0,0.0,0.0,0.0,0.0,0.0,0.0,0.0,0.0,0.0,0.0,0.0,0.0,0.0,0.0,0.0,0.0,4.0,1.0,2.5,0.0,4
2C1D,FE,Sulfur Oxidation,FeBinding_primary108,,FeBinding_primary108,0.09738561625310792,0.08599190298022334,0.03761464457863234,0.023598988955982836,0.054659698847685505,0.036123390266883035,0.056386607112761174,0.05623495853577889,0.010612240311906607,0.05543570989170266,0.06997448062381321,0.04194990636140525,0.03183672093571983,0.051004662668316735,0.06770849033397698,0.05938547791196567,0.035789512096172274,0.0819082620660763,0.022799740311906607,0.023598988955982836,29.5,0.08599190298022334,0.22875085056227293,2.959219443903105,12
2C1U,FE,ROS Detox,FeBinding_primary108,,FeBinding_primary108,0.07901404151404151,0.05369352869352869,0.026846764346764345,0.020436507936507937,0.09167429792429792,0.10738705738705738,0.0663537851037851,0.057165750915750914,0.01266025641025641,0.05064102564102564,0.026846764346764345,0.028373015873015873,0.04103327228327228,0.056746031746031746,0.04103327228327228,0.05369352869352869,0.05369352869352869,0.0663537851037851,0.04103327228327228,0.02532051282051282,37.375,0.05369352869352869,0.14376373626373623,2.753016723217379,8
2C8S,FE,Methane Oxidation,FeBinding_primary108,,FeBinding_primary108,0.0,0.06666666666666667,0.0,0.0,0.03333333333333333,0.23333333333333334,0.06666666666666667,0.06666666666666667,0.03333333333333333,0.1,0.06666666666666667,0.06666666666666667,0.06666666666666667,0.0,0.0,0.06666666666666667,0.06666666666666667,0.0,0.03333333333333333,0.03333333333333333,30.0,0.06666666666666667,0.1166666666666666,2.464154125771267,1
2CTH,FE,Anaerobic Sulfur Metabolism,FeBinding_primary108,,FeBinding_primary108,0.04145950674176481,0.11928440138117558,0.06312801147478567,0.009437321937321937,0.02729284007509814,0.06132693620596846,0.128389410768443,0.0,0.12782673270576497,0.023723544973544973,0.03707356860582667,0.02759045912271719,0.037636246668504736,0.009437321937321937,0.018198924731182797,0.05895025076476689,0.053460324024840154,0.1187106292751454,0.0,0.03707356860582667,27.375,0.11928440138117558,-0.48393630771856583,2.888327609488049,8
2D0W,FE,Methane Oxidation,FeBinding_primary108,,FeBinding_primary108,0.029437229437229435,0.05887445887445887,0.0,0.0,0.029437229437229435,0.24978354978354977,0.05887445887445887,0.05887445887445887,0.029437229437229435,0.05887445887445887,0.05887445887445887,0.05887445887445887,0.05887445887445887,0.0,0.0,0.05887445887445887,0.07316017316017316,0.029437229437229435,0.029437229437229435,0.05887445887445887,34.0,0.05887445887445887,0.10203463203463195,2.369782126095685,2
2D3Q,FE,ROS Detox,FeBinding_primary108,,FeBinding_primary108,0.07692307692307693,0.0,0.02564102564102564,0.07692307692307693,0.15384615384615385,0.05128205128205128,0.02564102564102564,0.07692307692307693,0.02564102564102564,0.05128205128205128,0.05128205128205128,0.02564102564102564,0.0,0.10256410256410256,0.07692307692307693,0.07692307692307693,0.02564102564102564,0.07692307692307693,0.0,0.0,39.0,0.0,0.09487179487179484,3.223944766176728,2
2FRV,FE,Anaerobic Hydrogen Metabolism,Legacy_FE_NI_shared_families,NiFe_hydrogenases,FE+NI_overlap,0.041666666666666664,0.7708333333333334,0.0,0.0,0.0,0.0,0.0625,0.0,0.0,0.0,0.0,0.0,0.041666666666666664,0.0,0.041666666666666664,0.0,0.0,0.041666666666666664,0.0,0.0,4.25,0.7708333333333334,1.7229166666666667,1.354354752228457,24
2FRV,NI,Anaerobic Hydrogen Metabolism,Legacy_FE_NI_shared_families,NiFe_hydrogenases,FE+NI_overlap,0.0,0.5714285714285714,0.0,0.14285714285714285,0.0,0.0,0.0,0.0,0.0,0.0,0.0,0.0,0.0,0.0,0.14285714285714285,0.0,0.0,0.14285714285714285,0.0,0.0,7.0,0.5714285714285714,0.8857142857142857,3.1543297098381053,6
2GBX,FE,Aromatic Dioxygenation,FeBinding_primary108,,FeBinding_primary108,0.0,0.27777777777777773,0.10000000000000002,0.0,0.10000000000000002,0.0,0.4222222222222222,0.0,0.0,0.0,0.0,0.10000000000000002,0.0,0.0,0.0,0.0,0.0,0.0,0.0,0.0,4.333333333333333,0.27777777777777773,-1.0766666666666669,2.6296622048103484,6
2IVF,FE,Anaerobic Aromatic Degradation,FeBinding_primary108,,FeBinding_primary108,0.022522522522522525,0.725,0.0,0.0,0.009009009009009009,0.018018018018018018,0.07950450450450451,0.0045045045045045045,0.009009009009009009,0.009009009009009009,0.009009009009009009,0.0,0.0045045045045045045,0.0,0.04684684684684685,0.013513513513513514,0.013513513513513514,0.022522522522522525,0.0045045045045045045,0.009009009009009009,9.666666666666666,0.725,1.4936711711711712,1.3943627314603277,6
2JE3,FE,Nitrification,FeBinding_primary108,,FeBinding_primary108,0.12,0.08,0.0,0.08,0.12,0.0,0.04,0.0,0.08,0.04,0.04,0.04,0.0,0.04,0.04,0.04,0.04,0.12,0.0,0.08,25.0,0.08,0.1399999999999999,3.0373672810511407,1
2KAU,NI,Nitrogen Metabolism,Ni_primary_expanded,Urease,Ni_primary_expanded,0.14285714285714285,0.0,0.14285714285714285,0.0,0.0,0.07142857142857142,0.5714285714285714,0.0,0.0,0.0,0.0,0.0,0.0,0.0,0.0,0.0,0.07142857142857142,0.0,0.0,0.0,7.0,0.0,-2.15,1.6205902052458478,2
2NYA,FE,Anaerobic Respiration,FeBinding_primary108,,FeBinding_primary108,0.0,1.0,0.0,0.0,0.0,0.0,0.0,0.0,0.0,0.0,0.0,0.0,0.0,0.0,0.0,0.0,0.0,0.0,0.0,0.0,4.0,1.0,2.5,0.0,2
2RDZ,FE,ROS Detox,FeBinding_primary108,,FeBinding_primary108,0.05870775450687772,0.1093714207738941,0.045747673675632844,0.02629207263179651,0.0471870310277691,0.06491870186177587,0.13335990505649603,0.053735906162851135,0.04509114806471347,0.02369663103635491,0.03345397458680191,0.03911148261249681,0.038799075432916955,0.04752097599352719,0.022988570034176262,0.019786696287710487,0.06746896260381832,0.07006859545392555,0.019786696287710487,0.032906725908754306,29.65,0.1093714207738941,-0.2721632333973301,2.9186629167301574,20
2V4J,FE,Sulfur Oxidation,FeBinding_primary108,,FeBinding_primary108,0.01188235294117647,0.8198039215686274,0.00396078431372549,0.0,0.00396078431372549,0.027725490196078433,0.01188235294117647,0.01188235294117647,0.01584313725490196,0.00396078431372549,0.00396078431372549,0.00792156862745098,0.00396078431372549,0.00396078431372549,0.027725490196078433,0.00792156862745098,0.01584313725490196,0.01384313725490196,0.0,0.00396078431372549,13.3,0.8198039215686274,1.8961450980392158,0.6078559087971932,10
2VPZ,FE,Anaerobic Respiration,FeBinding_primary108,,FeBinding_primary108,0.0,1.0,0.0,0.0,0.0,0.0,0.0,0.0,0.0,0.0,0.0,0.0,0.0,0.0,0.0,0.0,0.0,0.0,0.0,0.0,4.0,1.0,2.5,0.0,10
2WL9,FE,Aromatic Dioxygenation,FeBinding_primary108,,FeBinding_primary108,0.0,0.0,0.125,0.125,0.0,0.0,0.5,0.0,0.0,0.0,0.125,0.0,0.0,0.0,0.0,0.0,0.0,0.0,0.0,0.125,8.0,0.0,-2.4000000000000004,1.7564168070250297,4
3AG3,FE,Unknown,FeBinding_primary108,,FeBinding_primary108,0.0716321519350845,0.0,0.013362688207338175,0.013066594216043068,0.11969993670210524,0.08753217580501571,0.05636444961224617,0.0993260774526515,0.004566305254378649,0.10973138052981607,0.05793323617194855,0.013066594216043068,0.021862977169002595,0.010233164562154928,0.017632899470421716,0.05573212806515329,0.06769816822779873,0.10123109156815166,0.032432369286955295,0.046895611547691105,143.0,0.0,1.1595920216642788,2.6948854497663515,4
3B52,FE,Anaerobic Acetogenesis,Legacy_FE_NI_shared_families,CODH,FE+NI_overlap,0.0,0.9,0.0,0.0,0.0,0.0,0.05,0.0,0.05,0.0,0.0,0.0,0.0,0.0,0.0,0.0,0.0,0.0,0.0,0.0,3.75,0.9,1.895,0.743034319530397,4
3B52,NI,Anaerobic Acetogenesis,Legacy_FE_NI_shared_families,CODH,FE+NI_overlap,0.0,1.0,0.0,0.0,0.0,0.0,0.0,0.0,0.0,0.0,0.0,0.0,0.0,0.0,0.0,0.0,0.0,0.0,0.0,0.0,4.0,1.0,2.5,0.0,1
3BXU,FE,Sulfur Oxidation,FeBinding_primary108,,FeBinding_primary108,0.04032051282051282,0.11959401709401711,0.04696581196581196,0.04591880341880342,0.08702991452991453,0.10679487179487179,0.10677350427350428,0.02668803418803419,0.13322649572649573,0.0,0.04004273504273504,0.03365384615384615,0.02668803418803419,0.02668803418803419,0.0,0.019743589743589744,0.08008547008547008,0.059786324786324785,0.0,0.0,25.0,0.11959401709401711,-0.49229914529914526,2.855319324132903,6
3DHH,FE,Methane Oxidation,FeBinding_primary108,,FeBinding_primary108,0.0,0.0,0.0,0.55,0.0,0.0,0.3666666666666667,0.08333333333333333,0.0,0.0,0.0,0.0,0.0,0.0,0.0,0.0,0.0,0.0,0.0,0.0,5.5,0.0,-2.723333333333333,1.543367529640118,2
3DVE,NI,Sulfur Oxidation,FeBinding_primary108,,FeBinding_primary108,0.0,0.0,0.0,1.0,0.0,0.0,0.0,0.0,0.0,0.0,0.0,0.0,0.0,0.0,0.0,0.0,0.0,0.0,0.0,0.0,2.0,0.0,-3.5,0.0,1
3F9P,FE,ROS Detox,FeBinding_primary108,,FeBinding_primary108,0.027777777777777776,0.0,0.08333333333333333,0.027777777777777776,0.1388888888888889,0.05555555555555555,0.05555555555555555,0.05555555555555555,0.0,0.1388888888888889,0.05555555555555555,0.05555555555555555,0.027777777777777776,0.05555555555555555,0.08333333333333333,0.0,0.08333333333333333,0.0,0.027777777777777776,0.027777777777777776,36.0,0.0,-0.19444444444444453,3.1050088964306655,2
3GYX,FE,Anaerobic Sulfur Metabolism,FeBinding_primary108,,FeBinding_primary108,0.0,1.0,0.0,0.0,0.0,0.0,0.0,0.0,0.0,0.0,0.0,0.0,0.0,0.0,0.0,0.0,0.0,0.0,0.0,0.0,3.9166666666666665,1.0,2.5,0.0,12
3HB3,FE,Unknown,FeBinding_primary108,,FeBinding_primary108,0.05703914959813326,0.0037593984962406013,0.01293103448275862,0.01182914182006741,0.10380477054705729,0.07207674358309567,0.05272880477054706,0.10380477054705729,0.004310344827586207,0.1043557168784029,0.06345605392792325,0.011278195488721804,0.02851957479906663,0.02044983147523982,0.019898885143894218,0.03869587762509723,0.05327975110189266,0.13342623800881515,0.036038371791547834,0.06831734508685507,124.5,0.0037593984962406013,1.2105943738656988,2.7788583265559845,2
3HDP,NI,Detox / Carbon Stress,Ni_primary_expanded,Glyoxalase I (Ni-dependent lineages),Ni_primary_expanded,0.0,0.14285714285714285,0.0,0.2857142857142857,0.14285714285714285,0.14285714285714285,0.2857142857142857,0.0,0.0,0.0,0.0,0.0,0.0,0.0,0.0,0.0,0.0,0.0,0.0,0.0,7.0,0.14285714285714285,-1.2142857142857142,2.6432818191615897,1
3I39,FE,Anaerobic Acetogenesis,Legacy_FE_NI_shared_families,CODH,FE+NI_overlap,0.0,0.7942857142857143,0.0,0.0,0.0,0.02857142857142857,0.10857142857142858,0.0,0.06857142857142857,0.0,0.0,0.0,0.0,0.0,0.0,0.0,0.0,0.0,0.0,0.0,4.6,0.7942857142857143,1.3594285714285714,1.5834358600455551,5
3I39,NI,Anaerobic Acetogenesis,Legacy_FE_NI_shared_families,CODH,FE+NI_overlap,0.0,0.8,0.0,0.0,0.0,0.0,0.2,0.0,0.0,0.0,0.0,0.0,0.0,0.0,0.0,0.0,0.0,0.0,0.0,0.0,5.0,0.8,1.36,2.28,1
3LA4,NI,Nitrogen Metabolism,Ni_primary_expanded,Urease,Ni_primary_expanded,0.14285714285714285,0.0,0.15476190476190477,0.0,0.0,0.08333333333333333,0.5476190476190476,0.0,0.0,0.0,0.0,0.0,0.0,0.0,0.0,0.0,0.07142857142857142,0.0,0.0,0.0,6.5,0.0,-2.1202380952380953,1.6550022016787933,2
3MYR,FE,Anaerobic Hydrogen Metabolism,Legacy_FE_NI_shared_families,NiFe_hydrogenases,FE+NI_overlap,0.025,0.746875,0.0,0.0,0.0,0.0,0.0875,0.0,0.0,0.0,0.0,0.0,0.040625,0.0,0.025,0.025,0.0,0.05,0.0,0.0,5.3125,0.746875,1.6446875,1.457660058934482,16
3MYR,NI,Anaerobic Hydrogen Metabolism,Legacy_FE_NI_shared_families,NiFe_hydrogenases,FE+NI_overlap,0.1,0.3,0.0,0.0,0.0,0.0,0.1,0.0,0.0,0.0,0.0,0.0,0.1,0.0,0.1,0.1,0.0,0.2,0.0,0.0,10.0,0.3,0.76,2.918629815512752,4
3O0R,FE,Anaerobic Respiration,FeBinding_primary108,,FeBinding_primary108,0.06140931140931141,0.015151515151515152,0.0,0.13390978390978392,0.08938133938133938,0.067000567000567,0.2241038241038241,0.019230769230769232,0.0,0.07062307062307063,0.055125055125055125,0.02074277074277074,0.022727272727272728,0.027972027972027972,0.03554778554778555,0.006756756756756757,0.04707679707679708,0.035075285075285074,0.03542178542178542,0.032744282744282746,28.5,0.015151515151515152,-0.6866102816102817,2.118244536838785,4
3PCB,FE,Aromatic Dioxygenation,FeBinding_primary108,,FeBinding_primary108,0.0,0.0,0.0,0.0,0.0,0.0,0.3365079365079365,0.0,0.0,0.0,0.0,0.0,0.0,0.07936507936507936,0.16825396825396824,0.0,0.0,0.0,0.0,0.4158730158730159,6.0,0.0,-2.6523809523809523,1.2119326222587574,6
3RGW,FE,Anaerobic Hydrogen Metabolism,FeBinding_primary108,,FE+NI_overlap,0.027777777777777776,0.7361111111111112,0.0,0.0,0.0,0.0,0.09027777777777778,0.0,0.0,0.0,0.0,0.0,0.09027777777777778,0.0,0.027777777777777776,0.0,0.0,0.027777777777777776,0.0,0.0,5.5,0.7361111111111112,1.448611111111111,1.7774616484817802,4
3RGW,NI,Anaerobic Hydrogen Metabolism,FeBinding_primary108,,FE+NI_overlap,0.1111111111111111,0.4444444444444444,0.0,0.0,0.0,0.0,0.1111111111111111,0.0,0.0,0.0,0.0,0.0,0.1111111111111111,0.0,0.1111111111111111,0.0,0.0,0.1111111111111111,0.0,0.0,9.0,0.4444444444444444,0.7444444444444446,2.866322115383371,1
3S8F,FE,Unknown,FeBinding_primary108,,FeBinding_primary108,0.09773644499034918,0.0,0.0035971223021582736,0.0035971223021582736,0.08334795578171608,0.09694683277768029,0.04237585541323039,0.023381294964028777,0.0017985611510791368,0.18569047201263378,0.044174416564309524,0.026583611159852607,0.04237585541323039,0.02298648885769433,0.03338304965783471,0.04237585541323039,0.056764344621863486,0.0887436392349535,0.037374978066327426,0.06676609931566942,159.5,0.0,0.8846288822600454,2.670329021288256,2
3VB0,FE,Aromatic Dioxygenation,FeBinding_primary108,,FeBinding_primary108,0.0,0.0,0.08333333333333333,0.11458333333333333,0.0,0.0,0.4583333333333333,0.0,0.0,0.0,0.11458333333333333,0.0,0.0,0.0,0.0,0.0,0.0,0.11458333333333333,0.0,0.11458333333333333,8.75,0.0,-1.609375,2.6730774539418483,4
3ZFS,FE,Anaerobic Hydrogen Metabolism,Legacy_FE_NI_shared_families,NiFe_hydrogenases,FE+NI_overlap,0.05555555555555555,0.3333333333333333,0.0,0.0,0.0,0.16666666666666666,0.0,0.0,0.0,0.05555555555555555,0.0,0.0,0.0,0.0,0.0,0.05555555555555555,0.0,0.0,0.0,0.0,1.3333333333333333,0.3333333333333333,1.55,0.4708148963941845,6
3ZFS,NI,Anaerobic Hydrogen Metabolism,Legacy_FE_NI_shared_families,NiFe_hydrogenases,FE+NI_overlap,0.0,1.0,0.0,0.0,0.0,0.0,0.0,0.0,0.0,0.0,0.0,0.0,0.0,0.0,0.0,0.0,0.0,0.0,0.0,0.0,4.0,1.0,2.5,0.0,1
4AC7,NI,Nitrogen Metabolism,Ni_primary_expanded,Urease,Ni_primary_expanded,0.14285714285714285,0.0,0.15476190476190477,0.0,0.0,0.08333333333333333,0.5476190476190476,0.0,0.0,0.0,0.0,0.0,0.0,0.0,0.0,0.0,0.07142857142857142,0.0,0.0,0.0,6.5,0.0,-2.1202380952380953,1.6550022016787933,2
4AQ6,FE,Aromatic Dioxygenation,FeBinding_primary108,,FeBinding_primary108,0.0,0.0,0.0,0.25,0.0,0.0,0.5,0.0,0.0,0.0,0.0,0.25,0.0,0.0,0.0,0.0,0.0,0.0,0.0,0.0,4.0,0.0,-3.3499999999999996,0.1499999999999999,12
4AU9,FE,ROS Detox,FeBinding_primary108,,FeBinding_primary108,0.10818713450292397,0.0,0.054093567251461985,0.027046783625730993,0.09429824561403508,0.08114035087719298,0.027046783625730993,0.13523391812865498,0.027046783625730993,0.10818713450292397,0.054093567251461985,0.0,0.0,0.06725146198830409,0.10818713450292397,0.027046783625730993,0.027046783625730993,0.054093567251461985,0.0,0.0,37.0,0.0,0.5371345029239767,3.3153291538471246,2
4CEU,NI,Nitrogen Metabolism,Ni_primary_expanded,Urease,Ni_primary_expanded,0.14285714285714285,0.0,0.14285714285714285,0.0,0.0,0.14285714285714285,0.5,0.0,0.0,0.0,0.0,0.0,0.0,0.0,0.0,0.0,0.07142857142857142,0.0,0.0,0.0,7.0,0.0,-1.9500000000000002,1.7672607685234727,2
4CEX,NI,Nitrogen Metabolism,Ni_primary_expanded,Urease,Ni_primary_expanded,0.14285714285714285,0.0,0.15476190476190477,0.0,0.0,0.08333333333333333,0.5476190476190476,0.0,0.0,0.0,0.0,0.0,0.0,0.0,0.0,0.0,0.07142857142857142,0.0,0.0,0.0,6.5,0.0,-2.1202380952380953,1.6550022016787933,2
4E37,FE,ROS Detox,FeBinding_primary108,,FeBinding_primary108,0.0580320006790595,0.0,0.02901600033952975,0.0,0.14508000169764876,0.116064001358119,0.08704800101858925,0.02901600033952975,0.0,0.0721193022663611,0.02901600033952975,0.04331338596044478,0.02901600033952975,0.0,0.1301513029454206,0.08704800101858925,0.0580320006790595,0.0580320006790595,0.0,0.02901600033952975,34.5,0.0,-0.14404836176894995,2.9490492615638235,4
4G7E,NI,Nitrogen Metabolism,Ni_primary_expanded,Urease,Ni_primary_expanded,0.15476190476190477,0.0,0.15029761904761904,0.0,0.0,0.10416666666666666,0.4821428571428571,0.0,0.0,0.0,0.0,0.0,0.0,0.0,0.0,0.0,0.07738095238095238,0.0,0.0,0.03125,6.75,0.0,-1.9267857142857143,1.718086690454384,4
4JCG,FE,Nitrification,FeBinding_primary108,,FeBinding_primary108,0.06666666666666667,0.06666666666666667,0.0,0.0,0.0,0.1,0.03333333333333333,0.16666666666666666,0.06666666666666667,0.06666666666666667,0.03333333333333333,0.06666666666666667,0.13333333333333333,0.03333333333333333,0.0,0.06666666666666667,0.0,0.06666666666666667,0.03333333333333333,0.0,30.0,0.06666666666666667,0.5799999999999998,2.9895819105687673,1
4LM8,FE,Anaerobic Metal Reduction,FeBinding_primary108,,FeBinding_primary108,0.05051154401154401,0.11695978417717548,0.01873015873015873,0.010396825396825396,0.050945291423552294,0.024666666666666663,0.13271020766672942,0.07035720559633603,0.05853475751301838,0.058718677457807886,0.008514492753623187,0.05959523809523809,0.0125,0.024656565656565658,0.014180375180375179,0.040396825396825396,0.09501257920823139,0.09035798983625071,0.02518037518037518,0.03707444005270092,26.0,0.11695978417717548,0.14823884183449398,3.004315266639385,10
4OMF,FE,Anaerobic Methane,FeBinding_primary108,,FeBinding_primary108,0.02,0.8099999999999999,0.05,0.0,0.0,0.0,0.02,0.0,0.0,0.0,0.0,0.0,0.04,0.0,0.02,0.0,0.02,0.02,0.0,0.0,5.2,0.8099999999999999,1.738,1.0686835440328393,5
4OMF,NI,Anaerobic Methane,FeBinding_primary108,,FeBinding_primary108,0.1,0.3,0.0,0.0,0.0,0.0,0.1,0.0,0.0,0.0,0.0,0.0,0.2,0.0,0.1,0.0,0.1,0.1,0.0,0.0,10.0,0.3,0.1899999999999999,2.7453415088108803,1
4U9H,FE,Anaerobic Hydrogen Metabolism,Legacy_FE_NI_shared_families,NiFe_hydrogenases,FE+NI_overlap,0.022727272727272728,0.5190746753246753,0.0,0.0,0.0,0.0,0.05844155844155844,0.0,0.03125,0.03571428571428571,0.0,0.03125,0.11241883116883117,0.03125,0.05844155844155844,0.022727272727272728,0.022727272727272728,0.05397727272727273,0.0,0.0,7.5,0.5190746753246753,0.6964285714285714,2.2074931303677503,4
4U9H,NI,Anaerobic Hydrogen Metabolism,Legacy_FE_NI_shared_families,NiFe_hydrogenases,FE+NI_overlap,0.09090909090909091,0.2727272727272727,0.0,0.0,0.0,0.0,0.09090909090909091,0.0,0.0,0.0,0.0,0.0,0.18181818181818182,0.0,0.09090909090909091,0.09090909090909091,0.09090909090909091,0.09090909090909091,0.0,0.0,11.0,0.2727272727272727,0.0999999999999999,2.633007267883489,1
4UR0,FE,Anaerobic Respiration,FeBinding_primary108,,FeBinding_primary108,0.0,1.0,0.0,0.0,0.0,0.0,0.0,0.0,0.0,0.0,0.0,0.0,0.0,0.0,0.0,0.0,0.0,0.0,0.0,0.0,4.0,1.0,2.5,0.0,4
4Z42,NI,Nitrogen Metabolism,Ni_primary_expanded,Urease,Ni_primary_expanded,0.05587121212121212,0.0,0.08806818181818182,0.0,0.021780303030303032,0.14109848484848483,0.5284090909090908,0.0,0.04261363636363636,0.0,0.0,0.0,0.0,0.0,0.0,0.0,0.12215909090909091,0.0,0.0,0.0,11.375,0.0,-2.145738636363636,1.7093248457202348,8
5A0Y,NI,Anaerobic Methane,Ni_primary_expanded,Methyl-coenzyme M reductase,Ni_primary_expanded,0.05128205128205128,0.0,0.0,0.02564102564102564,0.10256410256410256,0.15384615384615385,0.05128205128205128,0.05128205128205128,0.02564102564102564,0.02564102564102564,0.05128205128205128,0.0,0.0,0.07692307692307693,0.02564102564102564,0.10256410256410256,0.02564102564102564,0.15384615384615385,0.0,0.07692307692307693,39.0,0.0,0.4512820512820513,2.82805285872261,2
5A4M,FE,Anaerobic Hydrogen Metabolism,Legacy_FE_NI_shared_families,NiFe_hydrogenases,FE+NI_overlap,0.025,0.7,0.0,0.0,0.0,0.0,0.0875,0.0,0.0,0.0,0.0,0.0,0.0875,0.0,0.025,0.0,0.025,0.05,0.0,0.0,6.0,0.7,1.455,1.7892397195027887,8
5A4M,NI,Anaerobic Hydrogen Metabolism,Legacy_FE_NI_shared_families,NiFe_hydrogenases,FE+NI_overlap,0.1,0.3,0.0,0.0,0.0,0.0,0.1,0.0,0.0,0.0,0.0,0.0,0.1,0.0,0.1,0.0,0.1,0.2,0.0,0.0,10.0,0.3,0.7699999999999999,2.913434399467405,2
5A6T,NI,Nitrogen Metabolism,Ni_primary_expanded,Urease,Ni_primary_expanded,0.14285714285714285,0.0,0.15476190476190477,0.0,0.0,0.08333333333333333,0.5476190476190476,0.0,0.0,0.0,0.0,0.0,0.0,0.0,0.0,0.0,0.07142857142857142,0.0,0.0,0.0,6.5,0.0,-2.1202380952380953,1.6550022016787929,2
5A8K,NI,Anaerobic Methane,Ni_primary_expanded,Methyl-coenzyme M reductase,Ni_primary_expanded,0.05195681511470985,0.0,0.0,0.025978407557354925,0.1039136302294197,0.15587044534412955,0.05195681511470985,0.05195681511470985,0.025978407557354925,0.025978407557354925,0.05195681511470985,0.0,0.0,0.06477732793522267,0.025978407557354925,0.1039136302294197,0.025978407557354925,0.15587044534412955,0.0,0.07793522267206478,38.5,0.0,0.5032726045883941,2.809257846141758,2
5A8R,NI,Anaerobic Methane,Ni_primary_expanded,Methyl-coenzyme M reductase,Ni_primary_expanded,0.07692307692307693,0.0,0.0,0.02564102564102564,0.10256410256410256,0.15384615384615385,0.05128205128205128,0.05128205128205128,0.0,0.02564102564102564,0.05128205128205128,0.0,0.0,0.07692307692307693,0.02564102564102564,0.07692307692307693,0.05128205128205128,0.15384615384615385,0.0,0.07692307692307693,39.0,0.0,0.6,2.7442247048609616,4
5A8W,NI,Anaerobic Methane,Ni_primary_expanded,Methyl-coenzyme M reductase,Ni_primary_expanded,0.07692307692307693,0.0,0.0,0.02564102564102564,0.10256410256410256,0.15384615384615385,0.05128205128205128,0.05128205128205128,0.0,0.02564102564102564,0.05128205128205128,0.0,0.0,0.07692307692307693,0.02564102564102564,0.07692307692307693,0.05128205128205128,0.15384615384615385,0.0,0.07692307692307693,39.0,0.0,0.6000000000000001,2.7442247048609616,4
5D7Z,NI,Detox / Carbon Stress,Ni_primary_expanded,Glyoxalase I (Ni-dependent lineages),Ni_primary_expanded,0.0,0.0,0.0,0.0,0.0,0.0,1.0,0.0,0.0,0.0,0.0,0.0,0.0,0.0,0.0,0.0,0.0,0.0,0.0,0.0,2.0,0.0,-3.2,0.0,1
5FSD,NI,Nitrogen Metabolism,Ni_primary_expanded,Urease,Ni_primary_expanded,0.14285714285714285,0.0,0.15476190476190477,0.0,0.0,0.08333333333333333,0.5476190476190476,0.0,0.0,0.0,0.0,0.0,0.0,0.0,0.0,0.0,0.07142857142857142,0.0,0.0,0.0,6.5,0.0,-2.1202380952380953,1.6550022016787933,2
5G4H,NI,Nitrogen Metabolism,Ni_primary_expanded,Urease,Ni_primary_expanded,0.14285714285714285,0.0,0.15476190476190477,0.0,0.0,0.08333333333333333,0.5476190476190476,0.0,0.0,0.0,0.0,0.0,0.0,0.0,0.0,0.0,0.07142857142857142,0.0,0.0,0.0,6.5,0.0,-2.1202380952380953,1.6550022016787933,2
5I8S,NI,Sulfur/Carbon Salvage,Ni_primary_expanded,Acireductone dioxygenase (Ni form),Ni_primary_expanded,0.0,0.0,0.0,0.25,0.0,0.0,0.75,0.0,0.0,0.0,0.0,0.0,0.0,0.0,0.0,0.0,0.0,0.0,0.0,0.0,4.0,0.0,-3.2750000000000004,0.1299038105676657,1
5I8T,NI,Sulfur/Carbon Salvage,Ni_primary_expanded,Acireductone dioxygenase (Ni form),Ni_primary_expanded,0.0,0.0,0.0,0.25,0.0,0.0,0.75,0.0,0.0,0.0,0.0,0.0,0.0,0.0,0.0,0.0,0.0,0.0,0.0,0.0,4.0,0.0,-3.2750000000000004,0.1299038105676657,1
5I91,NI,Sulfur/Carbon Salvage,Ni_primary_expanded,Acireductone dioxygenase (Ni form),Ni_primary_expanded,0.0,0.0,0.0,0.25,0.0,0.0,0.75,0.0,0.0,0.0,0.0,0.0,0.0,0.0,0.0,0.0,0.0,0.0,0.0,0.0,4.0,0.0,-3.2750000000000004,0.1299038105676657,1
5I93,NI,Sulfur/Carbon Salvage,Ni_primary_expanded,Acireductone dioxygenase (Ni form),Ni_primary_expanded,0.0,0.0,0.0,0.25,0.0,0.0,0.75,0.0,0.0,0.0,0.0,0.0,0.0,0.0,0.0,0.0,0.0,0.0,0.0,0.0,4.0,0.0,-3.2750000000000004,0.1299038105676657,1
5JSH,FE,Anaerobic Hydrogen Metabolism,Legacy_FE_NI_shared_families,NiFe_hydrogenases,FE+NI_overlap,0.041666666666666664,0.44642857142857145,0.0,0.0537037037037037,0.0,0.049999999999999996,0.11316137566137567,0.05185185185185185,0.018518518518518517,0.018518518518518517,0.0,0.0,0.04047619047619048,0.018518518518518517,0.044642857142857144,0.041666666666666664,0.018518518518518517,0.018518518518518517,0.0,0.023809523809523808,7.333333333333333,0.44642857142857145,0.5225330687830688,2.3482411237622416,6
5JSH,NI,Anaerobic Hydrogen Metabolism,Legacy_FE_NI_shared_families,NiFe_hydrogenases,FE+NI_overlap,0.0,0.4,0.0,0.0,0.0,0.0,0.2,0.0,0.0,0.0,0.0,0.0,0.0,0.0,0.2,0.0,0.0,0.2,0.0,0.0,5.0,0.4,0.3,3.469293876280878,1
5ODC,FE,Anaerobic Energy Conservation,FeBinding_primary108,,FeBinding_primary108,0.020833333333333332,0.6696428571428572,0.0,0.0,0.0,0.025595238095238095,0.025,0.008928571428571428,0.0,0.0,0.0,0.0,0.0,0.0,0.008333333333333333,0.0,0.0,0.008333333333333333,0.0,0.0,2.533333333333333,0.6696428571428572,2.1639751552795032,0.5679926352539442,30
5ODC,NI,Anaerobic Energy Conservation,FeBinding_primary108,,FeBinding_primary108,0.25,0.375,0.0,0.0,0.0,0.0,0.125,0.0,0.0,0.0,0.0,0.0,0.0,0.0,0.125,0.0,0.0,0.125,0.0,0.0,8.0,0.375,0.95,2.875326068465975,2
5OL4,NI,Nitrogen Metabolism,Ni_primary_expanded,Urease,Ni_primary_expanded,0.14285714285714285,0.0,0.14285714285714285,0.0,0.0,0.14285714285714285,0.5,0.0,0.0,0.0,0.0,0.0,0.0,0.0,0.0,0.0,0.07142857142857142,0.0,0.0,0.0,7.0,0.0,-1.95,1.7672607685234727,2
5SW4,FE,ROS Detox,FeBinding_primary108,,FeBinding_primary108,0.02857142857142857,0.0,0.05714285714285714,0.0,0.08571428571428572,0.11428571428571428,0.08571428571428572,0.08571428571428572,0.02857142857142857,0.14285714285714285,0.02857142857142857,0.0,0.02857142857142857,0.0,0.02857142857142857,0.02857142857142857,0.11428571428571428,0.05714285714285714,0.05714285714285714,0.02857142857142857,35.0,0.0,0.5171428571428571,2.873672186721146,2
5VJ0,FE,ROS Detox,FeBinding_primary108,,FeBinding_primary108,0.030539772727272728,0.030539772727272728,0.12215909090909091,0.030539772727272728,0.061079545454545456,0.061079545454545456,0.030539772727272728,0.061079545454545456,0.0,0.061079545454545456,0.09161931818181818,0.030539772727272728,0.0,0.08380681818181818,0.09161931818181818,0.061079545454545456,0.061079545454545456,0.061079545454545456,0.030539772727272728,0.0,32.75,0.030539772727272728,-0.3482954545454545,3.116966224617448,4
5XF9,FE,Anaerobic Hydrogen Metabolism,Legacy_FE_NI_shared_families,NiFe_hydrogenases,FE+NI_overlap,0.03333333333333333,0.8916666666666666,0.0,0.0,0.0,0.0,0.041666666666666664,0.0,0.0,0.0,0.0,0.0,0.0,0.0,0.0,0.03333333333333333,0.0,0.0,0.0,0.0,4.166666666666667,0.8916666666666666,2.129166666666667,0.6245390928685348,12
5XF9,NI,Anaerobic Hydrogen Metabolism,Legacy_FE_NI_shared_families,NiFe_hydrogenases,FE+NI_overlap,0.0,0.5,0.0,0.125,0.0,0.0,0.0,0.125,0.0,0.0,0.0,0.0,0.0,0.0,0.125,0.125,0.0,0.0,0.0,0.0,8.0,0.5,0.7125,3.04812954941223,2
5XFA,FE,Anaerobic Hydrogen Metabolism,Legacy_FE_NI_shared_families,NiFe_hydrogenases,FE+NI_overlap,0.020833333333333332,0.8541666666666666,0.0,0.0,0.0,0.0,0.0625,0.0,0.0,0.0,0.0,0.0,0.0,0.0,0.020833333333333332,0.020833333333333332,0.0,0.020833333333333332,0.0,0.0,4.666666666666667,0.8541666666666666,1.95,0.8959688661721117,12
5XFA,NI,Anaerobic Hydrogen Metabolism,Legacy_FE_NI_shared_families,NiFe_hydrogenases,FE+NI_overlap,0.0,0.5714285714285714,0.0,0.0,0.0,0.0,0.14285714285714285,0.14285714285714285,0.0,0.0,0.0,0.0,0.0,0.0,0.14285714285714285,0.0,0.0,0.0,0.0,0.0,7.0,0.5714285714285714,0.9714285714285714,3.1426623316246127,2
5Y34,FE,Anaerobic Hydrogen Metabolism,FeBinding_primary108,,FeBinding_primary108,0.03869047619047619,0.7410714285714286,0.0,0.0,0.0,0.0,0.0625,0.0,0.0,0.0,0.0,0.0,0.10119047619047619,0.0,0.03869047619047619,0.0,0.0,0.017857142857142856,0.0,0.0,5.125,0.7410714285714286,1.4613095238095237,1.7450377751761645,8
5Y34,NI,Anaerobic Hydrogen Metabolism,FeBinding_primary108,,FeBinding_primary108,0.0,0.6666666666666666,0.0,0.0,0.0,0.0,0.0,0.0,0.0,0.0,0.0,0.0,0.0,0.0,0.16666666666666666,0.0,0.0,0.16666666666666666,0.0,0.0,6.0,0.6666666666666666,1.6166666666666665,2.805005446617806,2
6B6W,FE,Anaerobic Acetogenesis,Ni_primary_expanded,Carbon monoxide dehydrogenase (Ni site),Ni_primary_expanded,0.0,0.8055040197897341,0.0,0.0,0.0,0.025974025974025976,0.025974025974025976,0.0,0.0701917130488559,0.0,0.0,0.0,0.0,0.0,0.0,0.025974025974025976,0.0,0.0,0.0,0.04638218923933209,6.714285714285714,0.8055040197897341,1.5654298082869509,1.367131257736922,7
6B6W,NI,Anaerobic Acetogenesis,Ni_primary_expanded,Carbon monoxide dehydrogenase (Ni site),Ni_primary_expanded,0.0,0.5454545454545454,0.0,0.0,0.0,0.09090909090909091,0.09090909090909091,0.0,0.09090909090909091,0.0,0.0,0.0,0.0,0.0,0.0,0.09090909090909091,0.0,0.0,0.0,0.09090909090909091,11.0,0.5454545454545454,0.4909090909090909,2.3891628604081636,2
6B6Y,FE,Anaerobic Acetogenesis,Legacy_FE_NI_shared_families,CODH,FE+NI_overlap,0.0,0.8666666666666666,0.0,0.0,0.0,0.04444444444444444,0.04444444444444444,0.0,0.04444444444444444,0.0,0.0,0.0,0.0,0.0,0.0,0.0,0.0,0.0,0.0,0.0,6.0,0.8666666666666666,1.8333333333333333,1.005407601147139,5
6B6Y,NI,Anaerobic Acetogenesis,Legacy_FE_NI_shared_families,CODH,FE+NI_overlap,0.0,0.6666666666666666,0.0,0.0,0.0,0.1111111111111111,0.1111111111111111,0.0,0.1111111111111111,0.0,0.0,0.0,0.0,0.0,0.0,0.0,0.0,0.0,0.0,0.0,9.0,0.6666666666666666,0.8333333333333334,2.5135190028678474,2
6C1W,NI,Anaerobic Energy Conservation,Ni_primary_expanded,Lactate racemase,Ni_primary_expanded,0.0,0.0,0.0,0.0,0.16666666666666666,0.0,0.16666666666666666,0.0,0.16666666666666666,0.0,0.0,0.0,0.16666666666666666,0.0,0.0,0.0,0.0,0.0,0.16666666666666666,0.16666666666666666,6.0,0.0,-1.3500000000000003,2.1375609153113433,3
6CFW,FE,Anaerobic Hydrogen Metabolism,Legacy_FE_NI_shared_families,NiFe_hydrogenases,FE+NI_overlap,0.0,0.125,0.0,0.0,0.0,0.0,0.041666666666666664,0.0,0.0,0.0,0.0,0.0,0.041666666666666664,0.0,0.041666666666666664,0.0,0.0,0.0,0.0,0.0,1.5,0.125,-0.3000000000000001,2.922898105191718,4
6CFW,NI,Anaerobic Hydrogen Metabolism,Legacy_FE_NI_shared_families,NiFe_hydrogenases,FE+NI_overlap,0.0,0.5,0.0,0.0,0.0,0.0,0.16666666666666666,0.0,0.0,0.0,0.0,0.0,0.16666666666666666,0.0,0.16666666666666666,0.0,0.0,0.0,0.0,0.0,6.0,0.5,-0.3000000000000001,2.922898105191718,1
6EF8,FE,Anaerobic Metal Reduction,FeBinding_primary108,,FeBinding_primary108,0.07504696961798768,0.1106443742886682,0.037819664902998235,0.03213069391230311,0.026964877585772495,0.048861923441151686,0.13687614573287807,0.04950676471099295,0.04413754007350067,0.070035827229998,0.046806581828133555,0.03247082996672487,0.05017916330005821,0.005753968253968254,0.05003035377624868,0.07269349310605468,0.0313646004378763,0.017986702982597892,0.009970238095238096,0.05071928675684833,29.928571428571427,0.1106443742886682,-0.32814906582045333,2.855216731630695,42
6ELQ,FE,Anaerobic Acetogenesis,Legacy_FE_NI_shared_families,CODH,FE+NI_overlap,0.0,0.8928571428571429,0.0,0.0,0.0,0.0,0.05357142857142857,0.0,0.05357142857142857,0.0,0.0,0.0,0.0,0.0,0.0,0.0,0.0,0.0,0.0,0.0,4.875,0.8928571428571429,1.8517857142857144,1.0273150809319427,8
6ELQ,NI,Anaerobic Acetogenesis,Legacy_FE_NI_shared_families,CODH,FE+NI_overlap,0.0,0.7142857142857143,0.0,0.0,0.0,0.0,0.14285714285714285,0.0,0.14285714285714285,0.0,0.0,0.0,0.0,0.0,0.0,0.0,0.0,0.0,0.0,0.0,7.0,0.7142857142857143,0.7714285714285714,2.7395068824851805,3
6HIU,FE,Methane Oxidation,FeBinding_primary108,,FeBinding_primary108,0.109375,0.0625,0.03125,0.0625,0.09375,0.03125,0.03125,0.03125,0.03125,0.03125,0.0625,0.015625,0.0,0.0625,0.09375,0.09375,0.03125,0.0625,0.0,0.0625,32.0,0.0625,-0.1796875,2.972852095889936,2
6M0Q,FE,Nitrification,FeBinding_primary108,,FeBinding_primary108,0.08315553529025342,0.10744045914260923,0.03516568644609088,0.04615525907892168,0.030138977840753246,0.024427288584975993,0.13604758503556688,0.0345707465099104,0.031479220122340744,0.039677417690993304,0.026269431452927285,0.05029735461111768,0.02934973727806192,0.008222871091336051,0.0409214924685438,0.05430858571404229,0.09811875998180515,0.04690030448466088,0.03508908736413761,0.04226419981095153,32.5625,0.10744045914260923,-0.4311901855652726,2.7665195654066,48
6QDY,NI,Nitrogen Metabolism,Ni_primary_expanded,Urease,Ni_primary_expanded,0.14285714285714285,0.0,0.14285714285714285,0.0,0.0,0.14285714285714285,0.5,0.0,0.0,0.0,0.0,0.0,0.0,0.0,0.0,0.0,0.07142857142857142,0.0,0.0,0.0,7.0,0.0,-1.9500000000000002,1.7672607685234727,2
6RKO,FE,Unknown,FeBinding_primary108,,FeBinding_primary108,0.145734126984127,0.0,0.010416666666666666,0.050099206349206345,0.11378968253968254,0.06934523809523808,0.01994047619047619,0.060714285714285714,0.010416666666666666,0.08978174603174603,0.05327380952380952,0.011111111111111112,0.009523809523809523,0.044444444444444446,0.022222222222222223,0.060515873015873016,0.061210317460317465,0.09196428571428572,0.05327380952380952,0.022222222222222223,32.333333333333336,0.0,0.8610317460317459,2.6146638156320083,3
6RX4,FE,Unknown,FeBinding_primary108,,FeBinding_primary108,0.13000541125541124,0.0,0.010416666666666666,0.05262445887445888,0.10885642135642136,0.09397546897546898,0.020517676767676768,0.041035353535353536,0.022321428571428572,0.09302849927849928,0.06664862914862914,0.011904761904761904,0.010101010101010102,0.023809523809523808,0.023809523809523808,0.0633567821067821,0.06452922077922078,0.09311868686868686,0.046130952380952384,0.023809523809523808,31.0,0.0,0.7671311327561326,2.580908948518665,3
6X5K,FE,Anaerobic Acetogenesis,Legacy_FE_NI_shared_families,CODH,FE+NI_overlap,0.0,0.8942743764172336,0.0,0.0,0.0,0.007936507936507936,0.03599773242630385,0.0,0.025793650793650792,0.0,0.0,0.0,0.0,0.0,0.0,0.03599773242630385,0.0,0.0,0.0,0.0,5.142857142857143,0.8942743764172336,1.9879251700680274,0.7032386430448045,14
6X5K,NI,Anaerobic Acetogenesis,Legacy_FE_NI_shared_families,CODH,FE+NI_overlap,0.0,0.5207010582010582,0.0,0.0,0.09523809523809523,0.11283068783068784,0.0419973544973545,0.06190476190476191,0.03009259259259259,0.041666666666666664,0.0,0.0,0.0,0.0,0.0,0.08366402116402116,0.0,0.011904761904761904,0.0,0.0,7.166666666666667,0.5207010582010582,1.6915079365079364,1.8463804517458946,12
7C8Z,FE,Aromatic Dioxygenation,FeBinding_primary108,,FeBinding_primary108,0.0,0.125,0.0886904761904762,0.0,0.0,0.0,0.5523809523809524,0.0,0.0,0.03869047619047619,0.0,0.0886904761904762,0.0886904761904762,0.0,0.0,0.0,0.0,0.017857142857142856,0.0,0.0,3.625,0.125,-1.9958333333333333,1.6203496795060126,8
7CUW,FE,Unknown,FeBinding_primary108,,FeBinding_primary108,0.07256011315417256,0.0049504950495049506,0.019236209335219235,0.0049504950495049506,0.11654879773691654,0.06817538896746818,0.07256011315417256,0.18854314002828854,0.0049504950495049506,0.10226308345120226,0.04342291371994342,0.024186704384724186,0.01485148514851485,0.014285714285714285,0.047807637906647805,0.01485148514851485,0.04893917963224894,0.0736916548797737,0.03903818953323904,0.024186704384724186,68.0,0.0049504950495049506,1.2486845827439887,2.991804842034792,2
7DLQ,FE,ROS Detox,FeBinding_primary108,,FeBinding_primary108,0.03225806451612903,0.0,0.0967741935483871,0.03225806451612903,0.12903225806451613,0.06451612903225806,0.06451612903225806,0.06451612903225806,0.0,0.12903225806451613,0.06451612903225806,0.03225806451612903,0.0,0.12903225806451613,0.06451612903225806,0.0,0.03225806451612903,0.03225806451612903,0.03225806451612903,0.0,31.0,0.0,-0.132258064516129,3.262829476308442,1
7KOE,FE,Anaerobic Energy Conservation,FeBinding_primary108,,FeBinding_primary108,0.0,1.0,0.0,0.0,0.0,0.0,0.0,0.0,0.0,0.0,0.0,0.0,0.0,0.0,0.0,0.0,0.0,0.0,0.0,0.0,4.0,1.0,2.5,0.0,4
7NYP,FE,Anaerobic Acetogenesis,Legacy_FE_NI_shared_families,ACS,FE+NI_overlap,0.0,0.9,0.0,0.0,0.0,0.0,0.0,0.1,0.0,0.0,0.0,0.0,0.0,0.0,0.0,0.0,0.0,0.0,0.0,0.0,4.5,0.9,2.7,0.4,2
7NYP,NI,Anaerobic Acetogenesis,Legacy_FE_NI_shared_families,ACS,FE+NI_overlap,0.0,0.3923611111111111,0.0,0.0,0.1840277777777778,0.12152777777777778,0.0,0.059027777777777776,0.0,0.12152777777777778,0.0,0.0,0.0,0.0,0.0,0.0625,0.0,0.059027777777777776,0.0,0.0,8.25,0.3923611111111111,2.372916666666667,1.4630765085810598,4
7NYS,FE,Anaerobic Acetogenesis,Legacy_FE_NI_shared_families,ACS,FE+NI_overlap,0.0,0.9,0.0,0.0,0.0,0.0,0.0,0.1,0.0,0.0,0.0,0.0,0.0,0.0,0.0,0.0,0.0,0.0,0.0,0.0,4.5,0.9,2.7,0.4,2
7NYS,NI,Anaerobic Acetogenesis,Legacy_FE_NI_shared_families,ACS,FE+NI_overlap,0.0,0.4214285714285714,0.0,0.0,0.17698412698412697,0.06349206349206349,0.0,0.07777777777777778,0.0,0.06349206349206349,0.0,0.0,0.0,0.0,0.0,0.06349206349206349,0.0,0.13333333333333333,0.0,0.0,6.0,0.4214285714285714,2.624206349206349,1.2376234751151975,4
7NZ5,FE,Anaerobic Acetogenesis,Legacy_FE_NI_shared_families,ACS,FE+NI_overlap,0.0,0.9,0.0,0.0,0.0,0.0,0.0,0.1,0.0,0.0,0.0,0.0,0.0,0.0,0.0,0.0,0.0,0.0,0.0,0.0,4.5,0.9,2.7,0.4,2
7NZ5,NI,Anaerobic Acetogenesis,Legacy_FE_NI_shared_families,ACS,FE+NI_overlap,0.0,0.33035714285714285,0.0,0.0,0.26785714285714285,0.13392857142857142,0.0,0.0,0.0,0.13392857142857142,0.0,0.0,0.0,0.0,0.0,0.13392857142857142,0.0,0.0,0.0,0.0,7.5,0.33035714285714285,1.9241071428571428,1.581152955360605,2
7O0D,FE,Anaerobic Acetogenesis,Ni_primary_expanded,Acetyl-CoA synthase (Ni site),Ni_primary_expanded,0.0,0.8,0.0,0.0,0.0,0.0,0.0,0.2,0.0,0.0,0.0,0.0,0.0,0.0,0.0,0.0,0.0,0.0,0.0,0.0,5.0,0.8,2.9,0.8,1
7O0D,NI,Anaerobic Acetogenesis,Ni_primary_expanded,Acetyl-CoA synthase (Ni site),Ni_primary_expanded,0.0,0.4732142857142857,0.0,0.0,0.19642857142857142,0.13392857142857142,0.0,0.0,0.0,0.13392857142857142,0.0,0.0,0.0,0.0,0.0,0.0625,0.0,0.0,0.0,0.0,7.5,0.4732142857142857,2.1383928571428568,1.3637577865037247,2
7OSE,FE,Unknown,FeBinding_primary108,,FeBinding_primary108,0.1263227513227513,0.0,0.010416666666666666,0.05133377425044092,0.10831128747795414,0.07023809523809524,0.01994047619047619,0.02946428571428571,0.010416666666666666,0.11219135802469136,0.06546516754850089,0.012345679012345678,0.009523809523809523,0.05979938271604938,0.024691358024691357,0.06264329805996473,0.0968584656084656,0.060714285714285714,0.05697751322751323,0.012345679012345678,31.333333333333332,0.0,0.5561948853615519,2.5912513088723252,6
7QYQ,FE,ROS Detox,FeBinding_primary108,,FeBinding_primary108,0.08764323911382735,0.0,0.08764323911382735,0.0584288260758849,0.0584288260758849,0.0584288260758849,0.02921441303794245,0.0584288260758849,0.02921441303794245,0.0584288260758849,0.0584288260758849,0.02921441303794245,0.0,0.0584288260758849,0.10928189457601223,0.02921441303794245,0.0584288260758849,0.07271454036159919,0.02921441303794245,0.02921441303794245,34.25,0.0,-0.4463757321110262,3.16353616060563,4
7XDP,FE,Anaerobic Acetogenesis,Legacy_FE_NI_shared_families,CODH,FE+NI_overlap,0.0,0.8518518518518517,0.0,0.0,0.0,0.037037037037037035,0.07407407407407407,0.0,0.037037037037037035,0.0,0.0,0.0,0.0,0.0,0.0,0.0,0.0,0.0,0.0,0.0,5.0,0.8518518518518517,1.7333333333333334,0.907717256244449,3
7XDP,NI,Anaerobic Acetogenesis,Legacy_FE_NI_shared_families,CODH,FE+NI_overlap,0.0,0.5555555555555556,0.0,0.0,0.0,0.1111111111111111,0.2222222222222222,0.0,0.1111111111111111,0.0,0.0,0.0,0.0,0.0,0.0,0.0,0.0,0.0,0.0,0.0,9.0,0.5555555555555556,0.1999999999999999,2.723151768733347,1
7XQW,FE,Methane Oxidation,FeBinding_primary108,,FeBinding_primary108,0.0,0.9,0.0,0.0,0.0,0.0,0.03333333333333333,0.0,0.0,0.0,0.0,0.0,0.0,0.0,0.0,0.03333333333333333,0.0,0.03333333333333333,0.0,0.0,4.5,0.9,2.2566666666666664,0.7133333333333333,6
7Z0S,FE,Anaerobic Energy Conservation,FeBinding_primary108,,FeBinding_primary108,0.047619047619047616,0.8835978835978836,0.0,0.0,0.0,0.0,0.015873015873015872,0.0,0.0,0.0,0.0,0.0,0.0,0.0,0.03439153439153439,0.0,0.0,0.018518518518518517,0.0,0.0,4.555555555555555,0.8835978835978836,2.166931216931217,0.6135384832414239,9
7Z0S,NI,Anaerobic Energy Conservation,FeBinding_primary108,,FeBinding_primary108,0.0,0.4444444444444444,0.0,0.0,0.0,0.0,0.1111111111111111,0.1111111111111111,0.0,0.0,0.0,0.1111111111111111,0.0,0.0,0.1111111111111111,0.1111111111111111,0.0,0.0,0.0,0.0,9.0,0.4444444444444444,0.2777777777777778,3.1257986633739896,1
7ZVZ,FE,Methane Oxidation,FeBinding_primary108,,FeBinding_primary108,0.0339080459770115,0.067816091954023,0.0339080459770115,0.0339080459770115,0.135632183908046,0.10172413793103449,0.067816091954023,0.067816091954023,0.0,0.10172413793103449,0.05057471264367816,0.0,0.0339080459770115,0.0339080459770115,0.0,0.0339080459770115,0.0,0.135632183908046,0.0,0.067816091954023,29.5,0.067816091954023,1.1845402298850574,2.791154779815833,2
8AJZ,FE,Unknown,FeBinding_primary108,,FeBinding_primary108,0.09792365581648382,0.0,0.0037174721189591076,0.0037174721189591076,0.08491250340012693,0.09443285882672953,0.04297760449723456,0.024163568773234202,0.0018587360594795538,0.18863904252425423,0.04483634055671412,0.02520627436757639,0.04111886843775501,0.023347538308096834,0.0336839241998368,0.04111886843775501,0.05598875691359144,0.08862997551908605,0.03635869072445372,0.0673678483996736,155.0,0.0,0.9087496599873062,2.672652702048545,2
8DJW,FE,ROS Detox,FeBinding_primary108,,FeBinding_primary108,0.0975609756097561,0.024390243902439025,0.04878048780487805,0.0,0.04878048780487805,0.0975609756097561,0.07317073170731707,0.0,0.0,0.2682926829268293,0.0,0.024390243902439025,0.04878048780487805,0.0,0.07317073170731707,0.07317073170731707,0.024390243902439025,0.0,0.04878048780487805,0.04878048780487805,41.0,0.024390243902439025,0.273170731707317,2.845880582161496,1
8J83,FE,Methane Oxidation,FeBinding_primary108,,FeBinding_primary108,0.0,0.3333333333333333,0.0,0.0,0.0,0.0,0.0,0.0,0.0,0.0,0.0,0.0,0.0,0.0,0.0,0.0,0.0,0.0,0.0,0.0,1.0,0.3333333333333333,2.5,0.0,6
8OGI,FE,ROS Detox,FeBinding_primary108,,FeBinding_primary108,0.04878048780487805,0.0,0.07317073170731707,0.024390243902439025,0.1951219512195122,0.04878048780487805,0.04878048780487805,0.024390243902439025,0.0,0.21951219512195122,0.04878048780487805,0.024390243902439025,0.0,0.04878048780487805,0.07317073170731707,0.024390243902439025,0.07317073170731707,0.0,0.024390243902439025,0.0,41.0,0.0,0.4756097560975609,3.0745834925380944,1
8ON0,FE,Anaerobic Acetogenesis,Legacy_FE_NI_shared_families,CODH,Legacy_FE_NI_shared_families,0.02345679012345679,0.5162698412698412,0.0,0.0,0.037037037037037035,0.12253086419753087,0.1292768959435626,0.011111111111111112,0.0558641975308642,0.0,0.026234567901234566,0.0,0.0,0.0,0.022222222222222223,0.05599647266313933,0.0,0.0,0.0,0.0,7.111111111111111,0.5162698412698412,0.7110802469135803,2.2095818036183172,9
8RXN,FE,Anaerobic Hydrogen Metabolism,FeBinding_primary108,,FeBinding_primary108,0.1,0.4,0.0,0.0,0.0,0.2,0.0,0.0,0.0,0.0,0.0,0.0,0.0,0.0,0.0,0.0,0.0,0.2,0.0,0.1,10.0,0.4,1.81,1.8102209809854708,1
8W6X,FE,Anaerobic Hydrogen Metabolism,Legacy_FE_NI_shared_families,NiFe_hydrogenases,FE+NI_overlap,0.019230769230769232,0.47692307692307695,0.0,0.0,0.0,0.0,0.060897435897435896,0.025,0.025,0.060897435897435896,0.0,0.025,0.06346153846153846,0.025,0.11089743589743589,0.019230769230769232,0.04423076923076923,0.04423076923076923,0.0,0.0,8.5,0.47692307692307695,0.6423076923076922,2.953257508450654,4
8W6X,NI,Anaerobic Hydrogen Metabolism,Legacy_FE_NI_shared_families,NiFe_hydrogenases,FE+NI_overlap,0.07692307692307693,0.3076923076923077,0.0,0.0,0.0,0.0,0.07692307692307693,0.0,0.0,0.07692307692307693,0.0,0.0,0.15384615384615385,0.0,0.07692307692307693,0.07692307692307693,0.07692307692307693,0.07692307692307693,0.0,0.0,13.0,0.3076923076923077,0.5692307692307692,2.672476412901486,1
9BOV,FE,Anaerobic Energy Conservation,FeBinding_primary108,,FeBinding_primary108,0.0,0.96875,0.0,0.0,0.0,0.0,0.03125,0.0,0.0,0.0,0.0,0.0,0.0,0.0,0.0,0.0,0.0,0.0,0.0,0.0,3.875,0.96875,2.321875,0.30852155009820625,32
9BT4,FE,Anaerobic Energy Conservation,FeBinding_primary108,,FeBinding_primary108,0.0,1.0,0.0,0.0,0.0,0.0,0.0,0.0,0.0,0.0,0.0,0.0,0.0,0.0,0.0,0.0,0.0,0.0,0.0,0.0,4.0,1.0,2.5,0.0,6
9C0Q,FE,Anaerobic Acetogenesis,Legacy_FE_NI_shared_families,CODH,FE+NI_overlap,0.0,0.9365079365079365,0.0,0.0,0.0,0.0,0.031746031746031744,0.0,0.031746031746031744,0.0,0.0,0.0,0.0,0.0,0.0,0.0,0.0,0.0,0.0,0.0,4.666666666666667,0.9365079365079365,2.115873015873016,0.608779307218929,9
9C0Q,NI,Anaerobic Acetogenesis,Legacy_FE_NI_shared_families,CODH,FE+NI_overlap,0.0,0.7142857142857143,0.0,0.0,0.0,0.0,0.14285714285714285,0.0,0.14285714285714285,0.0,0.0,0.0,0.0,0.0,0.0,0.0,0.0,0.0,0.0,0.0,7.0,0.7142857142857143,0.7714285714285715,2.7395068824851805,2
9C0R,FE,Anaerobic Acetogenesis,Legacy_FE_NI_shared_families,CODH,FE+NI_overlap,0.0,0.9629629629629629,0.0,0.0,0.0,0.0,0.037037037037037035,0.0,0.0,0.0,0.0,0.0,0.0,0.0,0.0,0.0,0.0,0.0,0.0,0.0,4.444444444444445,0.9629629629629629,2.288888888888889,0.47205879524995553,9
9C0R,NI,Anaerobic Acetogenesis,Legacy_FE_NI_shared_families,CODH,FE+NI_overlap,0.0,0.8333333333333334,0.0,0.0,0.0,0.0,0.16666666666666666,0.0,0.0,0.0,0.0,0.0,0.0,0.0,0.0,0.0,0.0,0.0,0.0,0.0,6.0,0.8333333333333334,1.55,2.1242645786248,2
9FZY,FE,Anaerobic Acetogenesis,Ni_primary_expanded,Acetyl-CoA synthase (Ni site),Ni_primary_expanded,0.0,0.889795918367347,0.0,0.0,0.0,0.0,0.04081632653061224,0.0,0.06938775510204082,0.0,0.0,0.0,0.0,0.0,0.0,0.0,0.0,0.0,0.0,0.0,5.0,0.889795918367347,1.823265306122449,1.1484305378529087,7
9FZY,NI,Anaerobic Acetogenesis,Ni_primary_expanded,Acetyl-CoA synthase (Ni site),Ni_primary_expanded,0.0,0.5758928571428572,0.0,0.0,0.09375,0.0625,0.10267857142857142,0.0,0.07142857142857142,0.0625,0.0,0.0,0.0,0.0,0.0,0.03125,0.0,0.0,0.0,0.0,7.5,0.5758928571428572,1.2825892857142858,2.2879969454288798,4
9G00,FE,Anaerobic Acetogenesis,Ni_primary_expanded,Acetyl-CoA synthase (Ni site),Ni_primary_expanded,0.0,0.9183673469387755,0.0,0.0,0.0,0.0,0.04081632653061224,0.0,0.04081632653061224,0.0,0.0,0.0,0.0,0.0,0.0,0.0,0.0,0.0,0.0,0.0,4.857142857142857,0.9183673469387755,2.0061224489795917,0.782716252138623,7
9G00,NI,Anaerobic Acetogenesis,Ni_primary_expanded,Acetyl-CoA synthase (Ni site),Ni_primary_expanded,0.0,0.6205357142857143,0.0,0.0,0.07142857142857142,0.06696428571428571,0.10267857142857142,0.0,0.07142857142857142,0.03125,0.0,0.0,0.0,0.0,0.0,0.03571428571428571,0.0,0.0,0.0,0.0,7.25,0.6205357142857143,1.2075892857142856,2.2655209887472125,4
9G01,FE,Anaerobic Acetogenesis,Ni_primary_expanded,Acetyl-CoA synthase (Ni site),Ni_primary_expanded,0.0,0.9047619047619048,0.0,0.0,0.0,0.0,0.047619047619047616,0.0,0.047619047619047616,0.0,0.0,0.0,0.0,0.0,0.0,0.0,0.0,0.0,0.0,0.0,5.0,0.9047619047619048,1.9238095238095239,0.9131689608283935,6
9G01,NI,Anaerobic Acetogenesis,Ni_primary_expanded,Acetyl-CoA synthase (Ni site),Ni_primary_expanded,0.0,0.5758928571428572,0.0,0.0,0.0625,0.07291666666666666,0.07142857142857142,0.0,0.07142857142857142,0.03125,0.0,0.0,0.0,0.0,0.0,0.03125,0.0,0.08333333333333333,0.0,0.0,7.0,0.5758928571428572,1.522172619047619,2.137493572951653,4
9G02,FE,Anaerobic Acetogenesis,Ni_primary_expanded,Acetyl-CoA synthase (Ni site),Ni_primary_expanded,0.0,0.9047619047619048,0.0,0.0,0.0,0.0,0.047619047619047616,0.0,0.047619047619047616,0.0,0.0,0.0,0.0,0.0,0.0,0.0,0.0,0.0,0.0,0.0,5.0,0.9047619047619048,1.9238095238095239,0.9131689608283935,6
9G02,NI,Anaerobic Acetogenesis,Ni_primary_expanded,Acetyl-CoA synthase (Ni site),Ni_primary_expanded,0.0,0.6205357142857143,0.0,0.0,0.10267857142857142,0.03571428571428571,0.10267857142857142,0.0,0.07142857142857142,0.03125,0.0,0.0,0.0,0.0,0.0,0.03571428571428571,0.0,0.0,0.0,0.0,7.25,0.6205357142857143,1.3075892857142857,2.2370325944696052,4
9G03,FE,Anaerobic Acetogenesis,Ni_primary_expanded,Acetyl-CoA synthase (Ni site),Ni_primary_expanded,0.0,0.9183673469387755,0.0,0.0,0.0,0.0,0.04081632653061224,0.0,0.04081632653061224,0.0,0.0,0.0,0.0,0.0,0.0,0.0,0.0,0.0,0.0,0.0,4.857142857142857,0.9183673469387755,2.0061224489795917,0.782716252138623,7
9G03,NI,Anaerobic Acetogenesis,Ni_primary_expanded,Acetyl-CoA synthase (Ni site),Ni_primary_expanded,0.0,0.7142857142857143,0.0,0.0,0.0,0.0,0.14285714285714285,0.0,0.14285714285714285,0.0,0.0,0.0,0.0,0.0,0.0,0.0,0.0,0.0,0.0,0.0,7.0,0.7142857142857143,0.7714285714285714,2.7395068824851805,2
9G6B,FE,Unknown,FeBinding_primary108,,FeBinding_primary108,0.0784992784992785,0.020202020202020204,0.010101010101010102,0.009523809523809523,0.020202020202020204,0.12784992784992785,0.10822510822510822,0.03982683982683983,0.010101010101010102,0.10995670995670996,0.049350649350649346,0.029148629148629146,0.04992784992784993,0.0,0.04040404040404041,0.049350649350649346,0.05887445887445888,0.08975468975468975,0.029148629148629146,0.06955266955266955,33.666666666666664,0.020202020202020204,0.24955266955266953,2.7183402198167244,3
9G7I,FE,Anaerobic Acetogenesis,Ni_primary_expanded,Acetyl-CoA synthase (Ni site),Ni_primary_expanded,0.0,0.923469387755102,0.0,0.0,0.0,0.0,0.05612244897959184,0.0,0.02040816326530612,0.0,0.0,0.0,0.0,0.0,0.0,0.0,0.0,0.0,0.0,0.0,4.0,0.923469387755102,2.0494897959183676,0.7439541833244043,7
9G7I,NI,Anaerobic Acetogenesis,Ni_primary_expanded,Acetyl-CoA synthase (Ni site),Ni_primary_expanded,0.0,0.6218253968253968,0.0,0.0,0.10972222222222222,0.10972222222222222,0.11408730158730158,0.0,0.023809523809523808,0.020833333333333332,0.0,0.0,0.0,0.0,0.0,0.0,0.0,0.0,0.0,0.0,6.0,0.6218253968253968,1.4391269841269843,1.9761092099940922,6
9GML,NI,Nitrogen Metabolism,Ni_primary_expanded,Urease,Ni_primary_expanded,0.14285714285714285,0.0,0.14285714285714285,0.0,0.07142857142857142,0.07142857142857142,0.5,0.0,0.0,0.0,0.0,0.0,0.0,0.0,0.0,0.0,0.07142857142857142,0.0,0.0,0.0,7.0,0.0,-1.7214285714285715,2.2148502609065925,2
9HE6,FE,ROS Detox,FeBinding_primary108,,FeBinding_primary108,0.06758764111705289,0.02916419092889681,0.0,0.05832838185779362,0.17498514557338085,0.09675183204594968,0.0,0.08749257278669043,0.0,0.11665676371558724,0.02916419092889681,0.02916419092889681,0.08749257278669043,0.0,0.05832838185779362,0.0,0.16488413547237077,0.0,0.0,0.0,34.333333333333336,0.02916419092889681,0.7141414141414142,2.71954351770914,3
9NEZ,FE,Anaerobic Hydrogen Metabolism,FeBinding_primary108,,FeBinding_primary108,0.006944444444444444,0.8981481481481483,0.0,0.0,0.0,0.011111111111111112,0.04953703703703704,0.0,0.0,0.0,0.0,0.011111111111111112,0.006944444444444444,0.0,0.016203703703703703,0.0,0.0,0.0,0.0,0.0,4.611111111111111,0.8981481481481483,1.9719907407407407,0.898169426641934,18
9NEZ,NI,Anaerobic Hydrogen Metabolism,FeBinding_primary108,,FeBinding_primary108,0.0625,0.5833333333333333,0.0,0.0,0.0,0.0,0.14583333333333331,0.0,0.0,0.0,0.0,0.0,0.0625,0.0,0.14583333333333331,0.0,0.0,0.0,0.0,0.0,7.0,0.5833333333333333,0.3479166666666666,2.8835248397774054,2
9QDT,FE,ROS Detox,FeBinding_primary108,,FeBinding_primary108,0.05458089668615984,0.05905088391476776,0.041507024265644954,0.02729044834307992,0.03829737178194528,0.10339786247227263,0.047556631041204535,0.041507024265644954,0.08378705384150031,0.09365127377831552,0.0410196948309471,0.030012771392081736,0.06831014317402702,0.036062378167641324,0.009259259259259259,0.039272030651340994,0.02952544195738388,0.06510049069032735,0.02952544195738388,0.06128587752907172,34.333333333333336,0.05905088391476776,-0.05453552463534309,2.846390948423975,3
9R2G,FE,Unknown,FeBinding_primary108,,FeBinding_primary108,0.0951058201058201,0.016666666666666666,0.0,0.05806878306878307,0.06283068783068783,0.1082010582010582,0.02685185185185185,0.04351851851851851,0.0,0.09775132275132274,0.06349206349206349,0.023809523809523808,0.017592592592592594,0.06349206349206349,0.023809523809523808,0.06375661375661375,0.06164021164021164,0.1201058201058201,0.04497354497354497,0.008333333333333333,34.666666666666664,0.016666666666666666,0.6623941798941798,2.713204821235902,3
