layer,aa,n_rows,n_aerobic,n_anaerobic,mean_prop_aerobic,mean_prop_anaerobic,delta_prop_aero_minus_ana,delta_clr_aero_minus_ana,p_model_metabolism_adjusted,q_model_fdr,p_perm_delta_clr,q_perm_fdr,significant_model_fdr_0.05,significant_perm_fdr_0.05
per_center,A,556,273,283,0.05958489701847432,0.03224960911949313,0.027335287898981188,0.471100553812816,0.0007290177794768071,0.0036450888973840355,0.05664778407197601,0.10201727629251787,True,False
per_center,C,556,273,283,0.09769402156453078,0.6195967404889602,-0.5219027189244294,-9.037163139200315,7.654357143749966e-06,7.654357143749966e-05,0.0003332222592469177,0.0011107408641563923,True,True
per_center,D,556,273,283,0.033931521017852975,0.012793420265976898,0.021138100751876075,0.5142673997930982,0.7646039126569572,0.7646039126569572,0.11996001332889036,0.1599466844385205,False,False
per_center,E,556,273,283,0.06332279936024363,0.01055844129460967,0.052764358065633954,1.4309693210278396,0.5559984500290511,0.5852615263463696,0.0003332222592469177,0.0011107408641563923,False,True
per_center,F,556,273,283,0.050686753868134336,0.016138348809180494,0.034548405058953846,0.5340952148506493,0.16767051698007557,0.25795464150780856,0.0639786737754082,0.10201727629251787,False,False
per_center,G,556,273,283,0.0489321930804609,0.0256773920571761,0.0232548010232848,-0.03532313374872231,0.05979637161044154,0.11959274322088306,0.8870376541152949,0.8870376541152949,False,False
per_center,H,556,273,283,0.16454213689469482,0.06261886651228017,0.10192327038241465,2.461575247348631,0.3317932655717488,0.414741581964686,0.0003332222592469177,0.0011107408641563923,False,True
per_center,I,556,273,283,0.03823225021772387,0.01550873536208068,0.02272351485564319,1.3193560698152094,0.02258167498060393,0.05018149995689762,0.0003332222592469177,0.0011107408641563923,False,True
per_center,K,556,273,283,0.016836165582437237,0.026143290644411864,-0.009307125061974626,-2.181074983710327,0.00013267467185271184,0.0008844978123514123,0.0003332222592469177,0.0011107408641563923,True,True
per_center,L,556,273,283,0.05581120876856092,0.024840817156893187,0.03097039161166773,0.583456636092522,3.9255307581788595e-07,7.851061516357719e-06,0.03165611462845718,0.06331222925691436,True,False
per_center,M,556,273,283,0.032501464885074806,0.014195989870145502,0.018305475014929302,0.7452666754996812,0.019772346750994926,0.05018149995689762,0.009330223258913695,0.023325558147284237,False,True
per_center,N,556,273,283,0.045040868845039356,0.012031470919538335,0.03300939792550102,0.4620710010553597,0.2987662437322597,0.39835499164301297,0.19693435521492836,0.24616794401866043,False,False
per_center,P,556,273,283,0.02579797397218745,0.02226114151615975,0.003536832456027702,-0.9566293500275587,0.02183313127238497,0.05018149995689762,0.0036654448517160947,0.010472699576331698,False,True
per_center,Q,556,273,283,0.028780671151508497,0.005422749466531449,0.023357921684977048,0.32546806401292927,0.40209190841435627,0.44676878712706247,0.352215928023992,0.4143716800282259,False,False
per_center,R,556,273,283,0.03664908757034193,0.01955946490825568,0.01708962266208625,0.24263701834671025,0.007448665851366629,0.029794663405466514,0.46351216261246253,0.5150135140138473,True,False
per_center,S,556,273,283,0.03698459576028304,0.021568264073347672,0.015416331686935368,0.12003564872730926,0.38964847014395343,0.44676878712706247,0.6594468510496501,0.6941545800522633,False,False
per_center,T,556,273,283,0.048262912166088315,0.016643704076128214,0.031619208089960105,1.1301625822153165,0.15236276706335547,0.2539379451055925,0.0003332222592469177,0.0011107408641563923,False,True
per_center,V,556,273,283,0.051555641299357344,0.022766925809569443,0.0287887154897879,0.5912862456148659,0.20577990165097018,0.29397128807281453,0.06631122959013662,0.10201727629251787,False,False
per_center,W,556,273,283,0.020792579810776018,0.005197461923032046,0.01559511788774397,0.6960075688333094,0.009000626497339476,0.03000208832446492,0.027657447517494167,0.06146099448332037,True,False
per_center,Y,556,273,283,0.044060257166229466,0.014227165726229426,0.029833091440000042,0.5824353596406733,0.13986123155822305,0.2539379451055925,0.09496834388537154,0.1356690626933879,False,False
per_protein,A,94,62,32,0.05421997602910606,0.04392376488144381,0.01029621114766225,-1.8512538137008472,0.6183011466581978,0.9990327543619995,0.0026657780739753416,0.017771853826502277,False,True
per_protein,C,94,62,32,0.0923324462429433,0.5384064832286665,-0.4460740369857232,-8.836556485034533,0.23337983267396445,0.5238734057448972,0.0003332222592469177,0.006664445184938354,False,True
per_protein,D,94,62,32,0.03246611291977302,0.012779077035100788,0.01968703588467223,1.8035500027438887,0.8360769272266386,0.9990327543619995,0.04198600466511163,0.10496501166277908,False,False
per_protein,E,94,62,32,0.07572779528864446,0.010940145726507958,0.06478764956213649,2.227248820912181,0.9990327543619995,0.9990327543619995,0.03465511496167944,0.09901461417622696,False,False
per_protein,F,94,62,32,0.062047666876703454,0.023355654008903163,0.03869201286780029,0.925238648547065,0.7142257187061393,0.9990327543619995,0.14128623792069311,0.2173634429549125,False,False
per_protein,G,94,62,32,0.05900965973806177,0.042061935737324446,0.016947724000737324,-0.1460118229910719,0.967870098973683,0.9990327543619995,0.8210596467844052,0.8210596467844052,False,False
per_protein,H,94,62,32,0.14493126103307324,0.05920479235079,0.08572646868228324,1.2490477627425607,0.8690252399818712,0.9990327543619995,0.16327890703098968,0.2332555814728424,False,False
per_protein,I,94,62,32,0.04406800340941639,0.01611596482336988,0.027952038586046512,1.9359647866122125,0.8524916138513156,0.9990327543619995,0.019660113295568143,0.07864045318227257,False,False
per_protein,K,94,62,32,0.013128111370405052,0.0325518788621226,-0.01942376749171755,-2.0926498494414423,0.7567858897391133,0.9990327543619995,0.009663445518160613,0.048317227590803064,False,True
per_protein,L,94,62,32,0.07446905611236058,0.02696333028571441,0.047505725826646174,1.972981829486566,0.0035328102084085855,0.035328102084085856,0.0023325558147284237,0.017771853826502277,True,True
per_protein,M,94,62,32,0.0347781654921154,0.01641152289188099,0.018366642600234406,0.7275239306483906,0.1709514299803588,0.5238734057448972,0.2829056981006331,0.37720759746751076,False,False
per_protein,N,94,62,32,0.033418013810368095,0.011965236612748764,0.02145277719761933,1.2347226620866256,0.19074690936523891,0.5238734057448972,0.1392869043652116,0.2173634429549125,False,False
per_protein,P,94,62,32,0.02451857994580236,0.0244381767536637,8.040319213865887e-05,-1.3816694107820644,0.7186945281846517,0.9990327543619995,0.09796734421859381,0.17812244403380692,False,False
per_protein,Q,94,62,32,0.02803606587073821,0.008805241929582937,0.019230823941155273,0.26950308701782855,0.2357430325852037,0.5238734057448972,0.7350883038987004,0.8167647821096671,False,False
per_protein,R,94,62,32,0.03612439090785089,0.02396394078410797,0.012160450123742922,-0.6008339195906642,0.9662182040853318,0.9990327543619995,0.47917360879706766,0.5637336574083148,False,False
per_protein,S,94,62,32,0.037026484297258584,0.022042622438978504,0.01498386185828008,0.6122462727159277,0.14674806082717243,0.5238734057448972,0.37787404198600466,0.47234255248250584,False,False
per_protein,T,94,62,32,0.03748875404591206,0.02255597579480713,0.01493277825110493,0.1490882796049197,0.02065960493006666,0.13773069953377773,0.8063978673775408,0.8210596467844052,False,False
per_protein,V,94,62,32,0.053028413681028425,0.04064914359715155,0.012379270083876875,-1.4084214950082157,0.8048369783033641,0.9990327543619995,0.07697434188603798,0.1586137954015328,False,False
per_protein,W,94,62,32,0.019978462705979007,0.006861341026720352,0.013117121679258655,1.321627507442736,0.0017778524665110604,0.035328102084085856,0.0793068977007664,0.1586137954015328,True,False
per_protein,Y,94,62,32,0.04320258022245959,0.016003771230414594,0.027198808992044996,1.8886532059879353,0.14834616607267997,0.5238734057448972,0.033988670443185605,0.09901461417622696,False,False
